0;84992.jpg
1;51485.jpg
2;28511.jpg
3;27502.jpg
4;32104.jpg
5;23194.jpg
6;56499.jpg
7;80563.jpg
8;19569.jpg
9;51520.jpg
10;44326.jpg
11;20319.jpg
12;31055.jpg
13;95761.jpg
14;43093.jpg
15;75597.jpg
16;43073.jpg
17;8182.jpg
18;62534.jpg
19;30550.jpg
20;98505.jpg
21;88132.jpg
22;66395.jpg
23;101068.jpg
24;1810.jpg
25;81155.jpg
26;55735.jpg
27;54120.jpg
28;27253.jpg
29;99127.jpg
30;15247.jpg
31;93624.jpg
32;26815.jpg
33;31371.jpg
34;78986.jpg
35;41253.jpg
36;96715.jpg
37;102313.jpg
38;101885.jpg
39;60521.jpg
40;62046.jpg
41;87130.jpg
42;22864.jpg
43;86497.jpg
44;13168.jpg
45;100600.jpg
46;2560.jpg
47;23796.jpg
48;64831.jpg
49;73025.jpg
50;58928.jpg
51;89.jpg
52;66888.jpg
53;76254.jpg
54;11991.jpg
55;66966.jpg
56;83693.jpg
57;43685.jpg
58;94109.jpg
59;16795.jpg
60;87072.jpg
61;54680.jpg
62;67384.jpg
63;73778.jpg
64;38014.jpg
65;79699.jpg
66;51894.jpg
67;40216.jpg
68;48852.jpg
69;41898.jpg
70;35245.jpg
71;83497.jpg
72;95884.jpg
73;68773.jpg
74;51481.jpg
75;103012.jpg
76;8328.jpg
77;58223.jpg
78;33242.jpg
79;29413.jpg
80;84815.jpg
81;13734.jpg
82;56636.jpg
83;63621.jpg
84;98273.jpg
85;37912.jpg
86;24001.jpg
87;83933.jpg
88;12379.jpg
89;37652.jpg
90;28647.jpg
91;95581.jpg
92;70622.jpg
93;13134.jpg
94;91344.jpg
95;30206.jpg
96;53859.jpg
97;72920.jpg
98;59253.jpg
99;51973.jpg
100;33206.jpg
101;22226.jpg
102;37322.jpg
103;41231.jpg
104;94235.jpg
105;73326.jpg
106;88508.jpg
107;35492.jpg
108;796.jpg
109;41299.jpg
110;29724.jpg
111;13222.jpg
112;86313.jpg
113;16778.jpg
114;54412.jpg
115;32622.jpg
116;57431.jpg
117;15116.jpg
118;25498.jpg
119;5610.jpg
120;71830.jpg
121;53143.jpg
122;85243.jpg
123;12054.jpg
124;20411.jpg
125;89234.jpg
126;68661.jpg
127;81978.jpg
128;46563.jpg
129;56603.jpg
130;100106.jpg
131;90833.jpg
132;9177.jpg
133;29651.jpg
134;38214.jpg
135;15522.jpg
136;89213.jpg
137;102901.jpg
138;35174.jpg
139;50173.jpg
140;24134.jpg
141;35517.jpg
142;79841.jpg
143;66996.jpg
144;9366.jpg
145;35231.jpg
146;61564.jpg
147;962.jpg
148;33411.jpg
149;42252.jpg
150;84966.jpg
151;46181.jpg
152;30896.jpg
153;35457.jpg
154;74713.jpg
155;80545.jpg
156;46830.jpg
157;56599.jpg
158;387.jpg
159;84095.jpg
160;1887.jpg
161;22969.jpg
162;23916.jpg
163;91568.jpg
164;4719.jpg
165;41855.jpg
166;81553.jpg
167;27489.jpg
168;65938.jpg
169;47770.jpg
170;76335.jpg
171;95041.jpg
172;40224.jpg
173;25979.jpg
174;63930.jpg
175;97602.jpg
176;9312.jpg
177;77250.jpg
178;101554.jpg
179;11806.jpg
180;88194.jpg
181;33065.jpg
182;24703.jpg
183;22686.jpg
184;44217.jpg
185;3280.jpg
186;37128.jpg
187;57726.jpg
188;41775.jpg
189;37533.jpg
190;21918.jpg
191;29542.jpg
192;2985.jpg
193;86197.jpg
194;76354.jpg
195;83733.jpg
196;23029.jpg
197;50596.jpg
198;92928.jpg
199;73808.jpg
200;40009.jpg
201;37092.jpg
202;85617.jpg
203;65367.jpg
204;8831.jpg
205;49591.jpg
206;62201.jpg
207;101359.jpg
208;51577.jpg
209;55956.jpg
210;39074.jpg
211;86486.jpg
212;64109.jpg
213;31232.jpg
214;72376.jpg
215;55674.jpg
216;85183.jpg
217;61447.jpg
218;13638.jpg
219;98133.jpg
220;36954.jpg
221;71664.jpg
222;65670.jpg
223;10534.jpg
224;28036.jpg
225;65469.jpg
226;94690.jpg
227;100534.jpg
228;82865.jpg
229;91232.jpg
230;93848.jpg
231;43110.jpg
232;58909.jpg
233;19931.jpg
234;86997.jpg
235;32322.jpg
236;18922.jpg
237;29938.jpg
238;32807.jpg
239;99757.jpg
240;29102.jpg
241;59081.jpg
242;65308.jpg
243;34095.jpg
244;64824.jpg
245;8244.jpg
246;100281.jpg
247;53429.jpg
248;82497.jpg
249;10813.jpg
250;48523.jpg
251;22542.jpg
252;53653.jpg
253;90195.jpg
254;50928.jpg
255;97103.jpg
256;71755.jpg
257;73456.jpg
258;98428.jpg
259;41665.jpg
260;97465.jpg
261;51096.jpg
262;76806.jpg
263;63365.jpg
264;16876.jpg
265;87436.jpg
266;30949.jpg
267;102466.jpg
268;34232.jpg
269;95975.jpg
270;62454.jpg
271;73623.jpg
272;52193.jpg
273;2323.jpg
274;58271.jpg
275;22942.jpg
276;3759.jpg
277;57314.jpg
278;38631.jpg
279;16313.jpg
280;46763.jpg
281;33398.jpg
282;40747.jpg
283;67691.jpg
284;77550.jpg
285;73039.jpg
286;79136.jpg
287;69839.jpg
288;53409.jpg
289;28806.jpg
290;8239.jpg
291;41728.jpg
292;45815.jpg
293;15510.jpg
294;92600.jpg
295;65267.jpg
296;13019.jpg
297;7750.jpg
298;6972.jpg
299;65761.jpg
300;61282.jpg
301;73262.jpg
302;65305.jpg
303;21974.jpg
304;22793.jpg
305;50874.jpg
306;43056.jpg
307;87830.jpg
308;74279.jpg
309;72601.jpg
310;60425.jpg
311;56070.jpg
312;81812.jpg
313;3427.jpg
314;15811.jpg
315;52594.jpg
316;24633.jpg
317;54883.jpg
318;29530.jpg
319;47925.jpg
320;45952.jpg
321;55877.jpg
322;79255.jpg
323;43913.jpg
324;93135.jpg
325;93706.jpg
326;96358.jpg
327;23275.jpg
328;32246.jpg
329;24942.jpg
330;101429.jpg
331;40576.jpg
332;27929.jpg
333;22967.jpg
334;85611.jpg
335;33704.jpg
336;97633.jpg
337;33401.jpg
338;31405.jpg
339;50854.jpg
340;38734.jpg
341;102073.jpg
342;44636.jpg
343;82666.jpg
344;2564.jpg
345;51875.jpg
346;15494.jpg
347;91635.jpg
348;48732.jpg
349;50694.jpg
350;91895.jpg
351;9999.jpg
352;88350.jpg
353;66195.jpg
354;92679.jpg
355;47183.jpg
356;44147.jpg
357;14086.jpg
358;47644.jpg
359;84700.jpg
360;59618.jpg
361;4137.jpg
362;83875.jpg
363;27300.jpg
364;29939.jpg
365;55840.jpg
366;72267.jpg
367;62781.jpg
368;91165.jpg
369;33311.jpg
370;31199.jpg
371;75962.jpg
372;41660.jpg
373;17051.jpg
374;97976.jpg
375;102489.jpg
376;94440.jpg
377;49964.jpg
378;66919.jpg
379;10111.jpg
380;18144.jpg
381;87720.jpg
382;58422.jpg
383;91120.jpg
384;55047.jpg
385;9072.jpg
386;36585.jpg
387;61040.jpg
388;27694.jpg
389;42893.jpg
390;61532.jpg
391;92511.jpg
392;73900.jpg
393;81915.jpg
394;69958.jpg
395;56798.jpg
396;87191.jpg
397;44007.jpg
398;71509.jpg
399;33571.jpg
400;44404.jpg
401;42781.jpg
402;66983.jpg
403;87915.jpg
404;17677.jpg
405;36201.jpg
406;74022.jpg
407;56186.jpg
408;72923.jpg
409;85643.jpg
410;96757.jpg
411;2969.jpg
412;16243.jpg
413;87014.jpg
414;60768.jpg
415;88301.jpg
416;66991.jpg
417;4177.jpg
418;98860.jpg
419;16841.jpg
420;10727.jpg
421;82584.jpg
422;85478.jpg
423;85004.jpg
424;86367.jpg
425;531.jpg
426;53285.jpg
427;56841.jpg
428;10263.jpg
429;34740.jpg
430;39332.jpg
431;63749.jpg
432;4518.jpg
433;56363.jpg
434;66165.jpg
435;97085.jpg
436;35479.jpg
437;57731.jpg
438;60676.jpg
439;71614.jpg
440;4255.jpg
441;71836.jpg
442;18724.jpg
443;75014.jpg
444;100047.jpg
445;43579.jpg
446;58105.jpg
447;1257.jpg
448;15661.jpg
449;49866.jpg
450;56634.jpg
451;98918.jpg
452;1845.jpg
453;11513.jpg
454;78365.jpg
455;100355.jpg
456;18750.jpg
457;71514.jpg
458;21344.jpg
459;46964.jpg
460;9935.jpg
461;33531.jpg
462;24538.jpg
463;49444.jpg
464;99486.jpg
465;42178.jpg
466;87558.jpg
467;28210.jpg
468;16290.jpg
469;86164.jpg
470;29800.jpg
471;71479.jpg
472;82730.jpg
473;73429.jpg
474;42571.jpg
475;78227.jpg
476;86901.jpg
477;36132.jpg
478;72053.jpg
479;54859.jpg
480;80905.jpg
481;40346.jpg
482;101673.jpg
483;81048.jpg
484;96020.jpg
485;56736.jpg
486;89296.jpg
487;95300.jpg
488;82966.jpg
489;88838.jpg
490;91230.jpg
491;15025.jpg
492;19696.jpg
493;75755.jpg
494;101544.jpg
495;86848.jpg
496;85015.jpg
497;6872.jpg
498;52423.jpg
499;50635.jpg
500;1185.jpg
501;15785.jpg
502;31423.jpg
503;34724.jpg
504;57327.jpg
505;2316.jpg
506;102512.jpg
507;83330.jpg
508;23557.jpg
509;95121.jpg
510;46322.jpg
511;94477.jpg
512;79321.jpg
513;56696.jpg
514;13096.jpg
515;418.jpg
516;72860.jpg
517;35081.jpg
518;32043.jpg
519;25801.jpg
520;16295.jpg
521;77939.jpg
522;64640.jpg
523;70857.jpg
524;22134.jpg
525;91309.jpg
526;52398.jpg
527;53977.jpg
528;1826.jpg
529;4692.jpg
530;22897.jpg
531;58068.jpg
532;4955.jpg
533;84104.jpg
534;60859.jpg
535;99761.jpg
536;8114.jpg
537;68699.jpg
538;17765.jpg
539;60109.jpg
540;15570.jpg
541;53130.jpg
542;18705.jpg
543;1559.jpg
544;70918.jpg
545;36642.jpg
546;91734.jpg
547;21787.jpg
548;36096.jpg
549;71429.jpg
550;12176.jpg
551;31078.jpg
552;28574.jpg
553;8370.jpg
554;39131.jpg
555;85486.jpg
556;59126.jpg
557;50580.jpg
558;8635.jpg
559;15613.jpg
560;74705.jpg
561;57820.jpg
562;30094.jpg
563;30201.jpg
564;87526.jpg
565;95649.jpg
566;46434.jpg
567;15192.jpg
568;10713.jpg
569;77957.jpg
570;43557.jpg
571;85533.jpg
572;81676.jpg
573;6368.jpg
574;82836.jpg
575;56324.jpg
576;35728.jpg
577;75351.jpg
578;26090.jpg
579;63583.jpg
580;93804.jpg
581;397.jpg
582;81502.jpg
583;99375.jpg
584;72406.jpg
585;78523.jpg
586;43272.jpg
587;99258.jpg
588;37469.jpg
589;8546.jpg
590;82710.jpg
591;66311.jpg
592;86365.jpg
593;52072.jpg
594;69496.jpg
595;72024.jpg
596;26571.jpg
597;4723.jpg
598;73024.jpg
599;10849.jpg
600;58327.jpg
601;68774.jpg
602;93080.jpg
603;101991.jpg
604;10490.jpg
605;67789.jpg
606;40253.jpg
607;92977.jpg
608;86348.jpg
609;59504.jpg
610;11867.jpg
611;93886.jpg
612;75901.jpg
613;25951.jpg
614;59619.jpg
615;73342.jpg
616;45113.jpg
617;20230.jpg
618;75.jpg
619;14604.jpg
620;9839.jpg
621;10780.jpg
622;22203.jpg
623;8840.jpg
624;87359.jpg
625;22628.jpg
626;50015.jpg
627;84167.jpg
628;13028.jpg
629;30291.jpg
630;55196.jpg
631;57621.jpg
632;60851.jpg
633;89936.jpg
634;21553.jpg
635;34786.jpg
636;42868.jpg
637;93737.jpg
638;96587.jpg
639;26170.jpg
640;45264.jpg
641;15642.jpg
642;63975.jpg
643;54102.jpg
644;91296.jpg
645;92197.jpg
646;38033.jpg
647;60667.jpg
648;14708.jpg
649;33035.jpg
650;39256.jpg
651;41244.jpg
652;84896.jpg
653;85824.jpg
654;98818.jpg
655;68826.jpg
656;52234.jpg
657;85908.jpg
658;75834.jpg
659;7455.jpg
660;66585.jpg
661;57557.jpg
662;7492.jpg
663;74544.jpg
664;40816.jpg
665;54228.jpg
666;43858.jpg
667;46903.jpg
668;63442.jpg
669;22710.jpg
670;58356.jpg
671;74386.jpg
672;74428.jpg
673;70164.jpg
674;47630.jpg
675;56338.jpg
676;31358.jpg
677;77773.jpg
678;71000.jpg
679;92240.jpg
680;76066.jpg
681;20439.jpg
682;66439.jpg
683;48721.jpg
684;72281.jpg
685;29751.jpg
686;20856.jpg
687;69609.jpg
688;33615.jpg
689;15657.jpg
690;31908.jpg
691;18989.jpg
692;9232.jpg
693;48593.jpg
694;49011.jpg
695;49899.jpg
696;50786.jpg
697;76052.jpg
698;74728.jpg
699;14959.jpg
700;37074.jpg
701;58726.jpg
702;78452.jpg
703;82322.jpg
704;28573.jpg
705;18864.jpg
706;95075.jpg
707;55005.jpg
708;14132.jpg
709;94287.jpg
710;95858.jpg
711;46366.jpg
712;4919.jpg
713;29971.jpg
714;68746.jpg
715;79769.jpg
716;81213.jpg
717;96068.jpg
718;80624.jpg
719;20836.jpg
720;46647.jpg
721;90905.jpg
722;69717.jpg
723;83717.jpg
724;88767.jpg
725;96531.jpg
726;90106.jpg
727;2745.jpg
728;75032.jpg
729;87794.jpg
730;82418.jpg
731;65333.jpg
732;78758.jpg
733;98597.jpg
734;51349.jpg
735;93003.jpg
736;50011.jpg
737;90503.jpg
738;87463.jpg
739;7427.jpg
740;42649.jpg
741;94212.jpg
742;83464.jpg
743;63738.jpg
744;55066.jpg
745;70387.jpg
746;62556.jpg
747;38071.jpg
748;64094.jpg
749;87666.jpg
750;1930.jpg
751;74715.jpg
752;66908.jpg
753;61831.jpg
754;82476.jpg
755;8724.jpg
756;74772.jpg
757;733.jpg
758;29307.jpg
759;34128.jpg
760;86644.jpg
761;6520.jpg
762;48923.jpg
763;20026.jpg
764;30587.jpg
765;24180.jpg
766;83998.jpg
767;87263.jpg
768;74363.jpg
769;18461.jpg
770;73408.jpg
771;54916.jpg
772;71861.jpg
773;56159.jpg
774;56231.jpg
775;45819.jpg
776;65355.jpg
777;48179.jpg
778;64259.jpg
779;2347.jpg
780;92116.jpg
781;87292.jpg
782;83613.jpg
783;58920.jpg
784;69867.jpg
785;100990.jpg
786;97045.jpg
787;88484.jpg
788;89682.jpg
789;80259.jpg
790;34649.jpg
791;79066.jpg
792;67574.jpg
793;90880.jpg
794;74709.jpg
795;17198.jpg
796;90886.jpg
797;12145.jpg
798;59917.jpg
799;79097.jpg
800;39266.jpg
801;39558.jpg
802;96576.jpg
803;71787.jpg
804;50051.jpg
805;31595.jpg
806;74760.jpg
807;84344.jpg
808;46259.jpg
809;11554.jpg
810;78756.jpg
811;7031.jpg
812;76657.jpg
813;18635.jpg
814;25405.jpg
815;27183.jpg
816;50245.jpg
817;21440.jpg
818;100900.jpg
819;76518.jpg
820;63669.jpg
821;25343.jpg
822;56886.jpg
823;15656.jpg
824;10960.jpg
825;38010.jpg
826;7274.jpg
827;52010.jpg
828;90761.jpg
829;73980.jpg
830;54095.jpg
831;4623.jpg
832;85496.jpg
833;16578.jpg
834;56376.jpg
835;103111.jpg
836;58826.jpg
837;101473.jpg
838;52948.jpg
839;62192.jpg
840;32205.jpg
841;30645.jpg
842;42488.jpg
843;19966.jpg
844;57309.jpg
845;29693.jpg
846;96583.jpg
847;94865.jpg
848;63675.jpg
849;71681.jpg
850;39758.jpg
851;91755.jpg
852;38034.jpg
853;49860.jpg
854;10011.jpg
855;65932.jpg
856;36173.jpg
857;34751.jpg
858;46831.jpg
859;39121.jpg
860;30122.jpg
861;51605.jpg
862;66532.jpg
863;90506.jpg
864;93857.jpg
865;79284.jpg
866;56846.jpg
867;28584.jpg
868;100131.jpg
869;19061.jpg
870;16261.jpg
871;68741.jpg
872;55659.jpg
873;2790.jpg
874;57935.jpg
875;90523.jpg
876;22278.jpg
877;55261.jpg
878;14517.jpg
879;75992.jpg
880;803.jpg
881;21061.jpg
882;59561.jpg
883;46463.jpg
884;18221.jpg
885;74184.jpg
886;85153.jpg
887;63644.jpg
888;99024.jpg
889;73489.jpg
890;29664.jpg
891;67707.jpg
892;103155.jpg
893;84980.jpg
894;65743.jpg
895;61871.jpg
896;77813.jpg
897;43599.jpg
898;52903.jpg
899;59828.jpg
900;16314.jpg
901;50246.jpg
902;85208.jpg
903;22500.jpg
904;3927.jpg
905;88289.jpg
906;57530.jpg
907;79217.jpg
908;11130.jpg
909;3856.jpg
910;76963.jpg
911;90133.jpg
912;19731.jpg
913;81796.jpg
914;85129.jpg
915;2026.jpg
916;45215.jpg
917;76150.jpg
918;19190.jpg
919;64977.jpg
920;97709.jpg
921;94764.jpg
922;6081.jpg
923;56406.jpg
924;33778.jpg
925;72717.jpg
926;6919.jpg
927;40257.jpg
928;18048.jpg
929;48018.jpg
930;15664.jpg
931;53488.jpg
932;94121.jpg
933;26915.jpg
934;71266.jpg
935;80053.jpg
936;7142.jpg
937;27404.jpg
938;67842.jpg
939;37995.jpg
940;40908.jpg
941;85510.jpg
942;89543.jpg
943;72219.jpg
944;19830.jpg
945;89904.jpg
946;67645.jpg
947;19154.jpg
948;72932.jpg
949;30130.jpg
950;97264.jpg
951;100507.jpg
952;12699.jpg
953;83659.jpg
954;77466.jpg
955;3377.jpg
956;54731.jpg
957;78356.jpg
958;32698.jpg
959;18083.jpg
960;29000.jpg
961;90776.jpg
962;76086.jpg
963;101259.jpg
964;68606.jpg
965;21313.jpg
966;103072.jpg
967;36641.jpg
968;81829.jpg
969;75235.jpg
970;6035.jpg
971;65423.jpg
972;16472.jpg
973;91742.jpg
974;56970.jpg
975;96588.jpg
976;13643.jpg
977;28561.jpg
978;21834.jpg
979;29455.jpg
980;19537.jpg
981;80148.jpg
982;95003.jpg
983;62758.jpg
984;57137.jpg
985;17980.jpg
986;16582.jpg
987;269.jpg
988;34163.jpg
989;98383.jpg
990;60703.jpg
991;50316.jpg
992;24957.jpg
993;10951.jpg
994;70570.jpg
995;33468.jpg
996;60901.jpg
997;67060.jpg
998;66631.jpg
999;64483.jpg
1000;46270.jpg
1001;29687.jpg
1002;25999.jpg
1003;38035.jpg
1004;12870.jpg
1005;2088.jpg
1006;55825.jpg
1007;17035.jpg
1008;77428.jpg
1009;32412.jpg
1010;5809.jpg
1011;13143.jpg
1012;56799.jpg
1013;68151.jpg
1014;10287.jpg
1015;87977.jpg
1016;33818.jpg
1017;89626.jpg
1018;96070.jpg
1019;69593.jpg
1020;46118.jpg
1021;101370.jpg
1022;5092.jpg
1023;40901.jpg
1024;37372.jpg
1025;62519.jpg
1026;4769.jpg
1027;100127.jpg
1028;37145.jpg
1029;152.jpg
1030;71720.jpg
1031;575.jpg
1032;57994.jpg
1033;91180.jpg
1034;16786.jpg
1035;100519.jpg
1036;35248.jpg
1037;85168.jpg
1038;26453.jpg
1039;102746.jpg
1040;79644.jpg
1041;28847.jpg
1042;44154.jpg
1043;26062.jpg
1044;81117.jpg
1045;11759.jpg
1046;58910.jpg
1047;65936.jpg
1048;53473.jpg
1049;66021.jpg
1050;5468.jpg
1051;87612.jpg
1052;88812.jpg
1053;44566.jpg
1054;82340.jpg
1055;64698.jpg
1056;72421.jpg
1057;73204.jpg
1058;52625.jpg
1059;5741.jpg
1060;52034.jpg
1061;39421.jpg
1062;4385.jpg
1063;23723.jpg
1064;14158.jpg
1065;73893.jpg
1066;29794.jpg
1067;3449.jpg
1068;80059.jpg
1069;94087.jpg
1070;11722.jpg
1071;46520.jpg
1072;2331.jpg
1073;31842.jpg
1074;60598.jpg
1075;23024.jpg
1076;33118.jpg
1077;35679.jpg
1078;69333.jpg
1079;11448.jpg
1080;10476.jpg
1081;50799.jpg
1082;101840.jpg
1083;68361.jpg
1084;4667.jpg
1085;22554.jpg
1086;88658.jpg
1087;40915.jpg
1088;93253.jpg
1089;62104.jpg
1090;30804.jpg
1091;51671.jpg
1092;24362.jpg
1093;16572.jpg
1094;96430.jpg
1095;55328.jpg
1096;98682.jpg
1097;98348.jpg
1098;66061.jpg
1099;32566.jpg
1100;97125.jpg
1101;74131.jpg
1102;12115.jpg
1103;24365.jpg
1104;66812.jpg
1105;100336.jpg
1106;4650.jpg
1107;51328.jpg
1108;84894.jpg
1109;54693.jpg
1110;33054.jpg
1111;17872.jpg
1112;37742.jpg
1113;29488.jpg
1114;39590.jpg
1115;72200.jpg
1116;28192.jpg
1117;6167.jpg
1118;88897.jpg
1119;18213.jpg
1120;99763.jpg
1121;33723.jpg
1122;45513.jpg
1123;91699.jpg
1124;28756.jpg
1125;62247.jpg
1126;51307.jpg
1127;52604.jpg
1128;39294.jpg
1129;55202.jpg
1130;944.jpg
1131;62598.jpg
1132;101859.jpg
1133;30501.jpg
1134;75492.jpg
1135;40740.jpg
1136;100856.jpg
1137;67505.jpg
1138;98689.jpg
1139;43291.jpg
1140;95805.jpg
1141;32929.jpg
1142;24922.jpg
1143;67134.jpg
1144;92718.jpg
1145;55951.jpg
1146;27108.jpg
1147;47118.jpg
1148;38514.jpg
1149;13714.jpg
1150;76971.jpg
1151;13175.jpg
1152;68010.jpg
1153;63825.jpg
1154;68615.jpg
1155;65283.jpg
1156;19858.jpg
1157;86678.jpg
1158;72845.jpg
1159;30721.jpg
1160;37585.jpg
1161;64053.jpg
1162;47470.jpg
1163;33541.jpg
1164;68039.jpg
1165;71140.jpg
1166;68374.jpg
1167;90830.jpg
1168;6460.jpg
1169;43434.jpg
1170;101633.jpg
1171;89252.jpg
1172;19076.jpg
1173;15342.jpg
1174;63665.jpg
1175;5230.jpg
1176;90349.jpg
1177;23510.jpg
1178;71398.jpg
1179;71078.jpg
1180;27184.jpg
1181;4155.jpg
1182;66664.jpg
1183;72004.jpg
1184;46006.jpg
1185;71533.jpg
1186;69403.jpg
1187;25579.jpg
1188;20887.jpg
1189;6350.jpg
1190;95427.jpg
1191;71893.jpg
1192;9760.jpg
1193;93614.jpg
1194;51174.jpg
1195;1581.jpg
1196;67984.jpg
1197;14844.jpg
1198;80856.jpg
1199;101926.jpg
1200;2972.jpg
1201;8415.jpg
1202;8027.jpg
1203;24580.jpg
1204;80418.jpg
1205;93636.jpg
1206;88878.jpg
1207;19289.jpg
1208;13099.jpg
1209;15442.jpg
1210;85177.jpg
1211;58440.jpg
1212;85501.jpg
1213;99346.jpg
1214;67440.jpg
1215;69620.jpg
1216;98282.jpg
1217;10368.jpg
1218;10243.jpg
1219;23670.jpg
1220;78122.jpg
1221;34769.jpg
1222;63843.jpg
1223;16212.jpg
1224;101074.jpg
1225;64083.jpg
1226;63292.jpg
1227;58972.jpg
1228;27307.jpg
1229;22964.jpg
1230;34479.jpg
1231;13610.jpg
1232;44637.jpg
1233;54145.jpg
1234;74301.jpg
1235;10639.jpg
1236;26392.jpg
1237;4940.jpg
1238;90282.jpg
1239;75666.jpg
1240;69285.jpg
1241;24754.jpg
1242;52783.jpg
1243;85578.jpg
1244;19764.jpg
1245;57848.jpg
1246;30215.jpg
1247;8977.jpg
1248;98873.jpg
1249;5268.jpg
1250;91307.jpg
1251;94408.jpg
1252;65170.jpg
1253;77615.jpg
1254;101451.jpg
1255;5637.jpg
1256;8890.jpg
1257;102222.jpg
1258;42870.jpg
1259;64281.jpg
1260;5442.jpg
1261;16193.jpg
1262;77979.jpg
1263;3232.jpg
1264;39784.jpg
1265;51224.jpg
1266;40861.jpg
1267;221.jpg
1268;49632.jpg
1269;47335.jpg
1270;15475.jpg
1271;73797.jpg
1272;69250.jpg
1273;26868.jpg
1274;97529.jpg
1275;73580.jpg
1276;51423.jpg
1277;55234.jpg
1278;7375.jpg
1279;94574.jpg
1280;66969.jpg
1281;19067.jpg
1282;93618.jpg
1283;30824.jpg
1284;82184.jpg
1285;34767.jpg
1286;537.jpg
1287;52917.jpg
1288;49076.jpg
1289;71032.jpg
1290;50024.jpg
1291;6434.jpg
1292;36850.jpg
1293;72359.jpg
1294;26129.jpg
1295;78837.jpg
1296;23280.jpg
1297;15791.jpg
1298;46116.jpg
1299;19636.jpg
1300;692.jpg
1301;10347.jpg
1302;58856.jpg
1303;94651.jpg
1304;95386.jpg
1305;29484.jpg
1306;8439.jpg
1307;41239.jpg
1308;15242.jpg
1309;52236.jpg
1310;59689.jpg
1311;28755.jpg
1312;26445.jpg
1313;68076.jpg
1314;9596.jpg
1315;64134.jpg
1316;13398.jpg
1317;2399.jpg
1318;80871.jpg
1319;88150.jpg
1320;62732.jpg
1321;19412.jpg
1322;43189.jpg
1323;66899.jpg
1324;57416.jpg
1325;29164.jpg
1326;50987.jpg
1327;7441.jpg
1328;79278.jpg
1329;35388.jpg
1330;37700.jpg
1331;94353.jpg
1332;46625.jpg
1333;21833.jpg
1334;8872.jpg
1335;37224.jpg
1336;38625.jpg
1337;83877.jpg
1338;63268.jpg
1339;52681.jpg
1340;101787.jpg
1341;64278.jpg
1342;17850.jpg
1343;82559.jpg
1344;83346.jpg
1345;24917.jpg
1346;97301.jpg
1347;1706.jpg
1348;6647.jpg
1349;65558.jpg
1350;23274.jpg
1351;7584.jpg
1352;35716.jpg
1353;39508.jpg
1354;36608.jpg
1355;11258.jpg
1356;81878.jpg
1357;13592.jpg
1358;66120.jpg
1359;70956.jpg
1360;56252.jpg
1361;6336.jpg
1362;45351.jpg
1363;81571.jpg
1364;70590.jpg
1365;42021.jpg
1366;21186.jpg
1367;88425.jpg
1368;82455.jpg
1369;17436.jpg
1370;16340.jpg
1371;78336.jpg
1372;19994.jpg
1373;54961.jpg
1374;1938.jpg
1375;18091.jpg
1376;10438.jpg
1377;18073.jpg
1378;38332.jpg
1379;21431.jpg
1380;29981.jpg
1381;55859.jpg
1382;44562.jpg
1383;28948.jpg
1384;61718.jpg
1385;96402.jpg
1386;70383.jpg
1387;17785.jpg
1388;96188.jpg
1389;38726.jpg
1390;57893.jpg
1391;60811.jpg
1392;64073.jpg
1393;73253.jpg
1394;94708.jpg
1395;34295.jpg
1396;895.jpg
1397;44044.jpg
1398;79547.jpg
1399;99752.jpg
1400;74577.jpg
1401;32873.jpg
1402;101624.jpg
1403;89383.jpg
1404;58407.jpg
1405;99716.jpg
1406;23878.jpg
1407;62767.jpg
1408;22722.jpg
1409;10587.jpg
1410;30505.jpg
1411;88341.jpg
1412;57274.jpg
1413;15171.jpg
1414;60442.jpg
1415;91537.jpg
1416;8132.jpg
1417;73869.jpg
1418;66565.jpg
1419;46724.jpg
1420;74748.jpg
1421;22854.jpg
1422;85031.jpg
1423;2729.jpg
1424;22944.jpg
1425;35548.jpg
1426;68700.jpg
1427;23762.jpg
1428;16035.jpg
1429;25303.jpg
1430;60379.jpg
1431;73324.jpg
1432;57790.jpg
1433;87762.jpg
1434;43635.jpg
1435;22511.jpg
1436;1366.jpg
1437;27962.jpg
1438;92067.jpg
1439;52770.jpg
1440;81295.jpg
1441;100497.jpg
1442;47399.jpg
1443;50757.jpg
1444;15818.jpg
1445;46678.jpg
1446;25530.jpg
1447;56323.jpg
1448;84168.jpg
1449;17260.jpg
1450;1290.jpg
1451;98156.jpg
1452;65077.jpg
1453;29988.jpg
1454;80336.jpg
1455;73916.jpg
1456;20716.jpg
1457;66435.jpg
1458;25800.jpg
1459;82776.jpg
1460;92846.jpg
1461;27944.jpg
1462;36883.jpg
1463;29940.jpg
1464;100736.jpg
1465;26602.jpg
1466;7018.jpg
1467;3174.jpg
1468;54127.jpg
1469;3190.jpg
1470;44063.jpg
1471;87872.jpg
1472;95795.jpg
1473;1209.jpg
1474;28340.jpg
1475;4664.jpg
1476;40564.jpg
1477;68249.jpg
1478;98155.jpg
1479;86218.jpg
1480;23955.jpg
1481;35580.jpg
1482;38978.jpg
1483;68681.jpg
1484;11164.jpg
1485;87090.jpg
1486;64028.jpg
1487;72576.jpg
1488;1353.jpg
1489;2610.jpg
1490;64703.jpg
1491;30928.jpg
1492;74596.jpg
1493;18769.jpg
1494;64331.jpg
1495;27452.jpg
1496;96028.jpg
1497;15414.jpg
1498;90452.jpg
1499;81860.jpg
1500;21047.jpg
1501;1220.jpg
1502;38135.jpg
1503;77200.jpg
1504;39706.jpg
1505;53906.jpg
1506;33151.jpg
1507;44024.jpg
1508;64118.jpg
1509;44036.jpg
1510;68962.jpg
1511;51844.jpg
1512;39143.jpg
1513;9265.jpg
1514;37167.jpg
1515;18355.jpg
1516;101898.jpg
1517;55620.jpg
1518;65545.jpg
1519;22582.jpg
1520;93786.jpg
1521;102990.jpg
1522;4976.jpg
1523;27080.jpg
1524;38654.jpg
1525;34652.jpg
1526;38232.jpg
1527;5344.jpg
1528;89445.jpg
1529;40065.jpg
1530;55539.jpg
1531;92006.jpg
1532;16825.jpg
1533;13531.jpg
1534;19169.jpg
1535;8284.jpg
1536;60960.jpg
1537;8665.jpg
1538;70419.jpg
1539;100757.jpg
1540;96910.jpg
1541;8246.jpg
1542;92911.jpg
1543;89200.jpg
1544;34460.jpg
1545;40240.jpg
1546;75340.jpg
1547;44347.jpg
1548;82708.jpg
1549;18794.jpg
1550;84925.jpg
1551;28753.jpg
1552;28181.jpg
1553;101155.jpg
1554;55724.jpg
1555;67791.jpg
1556;41863.jpg
1557;17421.jpg
1558;47794.jpg
1559;69155.jpg
1560;73828.jpg
1561;617.jpg
1562;87167.jpg
1563;12482.jpg
1564;30658.jpg
1565;37539.jpg
1566;66799.jpg
1567;8266.jpg
1568;87394.jpg
1569;93112.jpg
1570;15739.jpg
1571;67580.jpg
1572;44863.jpg
1573;18764.jpg
1574;18135.jpg
1575;54769.jpg
1576;99089.jpg
1577;44018.jpg
1578;100659.jpg
1579;95137.jpg
1580;26649.jpg
1581;52666.jpg
1582;8974.jpg
1583;67584.jpg
1584;12125.jpg
1585;21628.jpg
1586;41520.jpg
1587;91614.jpg
1588;27195.jpg
1589;70801.jpg
1590;6135.jpg
1591;52669.jpg
1592;95680.jpg
1593;100645.jpg
1594;28859.jpg
1595;24869.jpg
1596;94094.jpg
1597;16758.jpg
1598;53250.jpg
1599;40222.jpg
1600;102595.jpg
1601;6227.jpg
1602;13303.jpg
1603;42497.jpg
1604;38446.jpg
1605;96548.jpg
1606;80082.jpg
1607;5893.jpg
1608;76896.jpg
1609;98737.jpg
1610;91337.jpg
1611;87646.jpg
1612;34026.jpg
1613;32695.jpg
1614;68269.jpg
1615;10469.jpg
1616;16300.jpg
1617;101057.jpg
1618;20623.jpg
1619;70452.jpg
1620;17745.jpg
1621;37234.jpg
1622;1201.jpg
1623;34259.jpg
1624;78994.jpg
1625;67438.jpg
1626;81308.jpg
1627;13153.jpg
1628;42966.jpg
1629;76293.jpg
1630;33614.jpg
1631;65320.jpg
1632;56271.jpg
1633;25408.jpg
1634;46801.jpg
1635;52489.jpg
1636;72257.jpg
1637;17541.jpg
1638;36352.jpg
1639;34290.jpg
1640;7745.jpg
1641;43859.jpg
1642;68227.jpg
1643;33618.jpg
1644;3536.jpg
1645;364.jpg
1646;13662.jpg
1647;37527.jpg
1648;32879.jpg
1649;50787.jpg
1650;52947.jpg
1651;86622.jpg
1652;88491.jpg
1653;20811.jpg
1654;1186.jpg
1655;20523.jpg
1656;81043.jpg
1657;64903.jpg
1658;59436.jpg
1659;77517.jpg
1660;73848.jpg
1661;76125.jpg
1662;12139.jpg
1663;13953.jpg
1664;60064.jpg
1665;41533.jpg
1666;42718.jpg
1667;29856.jpg
1668;69450.jpg
1669;95847.jpg
1670;43229.jpg
1671;4310.jpg
1672;4656.jpg
1673;47743.jpg
1674;85842.jpg
1675;72906.jpg
1676;86044.jpg
1677;70316.jpg
1678;9602.jpg
1679;4652.jpg
1680;88612.jpg
1681;47571.jpg
1682;48332.jpg
1683;1670.jpg
1684;32813.jpg
1685;93805.jpg
1686;9691.jpg
1687;21189.jpg
1688;68158.jpg
1689;8022.jpg
1690;39520.jpg
1691;79114.jpg
1692;18544.jpg
1693;24585.jpg
1694;99644.jpg
1695;37031.jpg
1696;72629.jpg
1697;6362.jpg
1698;2701.jpg
1699;2301.jpg
1700;32533.jpg
1701;96993.jpg
1702;10184.jpg
1703;55895.jpg
1704;874.jpg
1705;51515.jpg
1706;6988.jpg
1707;69874.jpg
1708;63227.jpg
1709;37584.jpg
1710;44038.jpg
1711;57054.jpg
1712;78788.jpg
1713;2801.jpg
1714;56633.jpg
1715;97011.jpg
1716;11718.jpg
1717;61269.jpg
1718;2959.jpg
1719;83805.jpg
1720;93323.jpg
1721;37656.jpg
1722;49004.jpg
1723;73552.jpg
1724;35921.jpg
1725;4217.jpg
1726;44658.jpg
1727;97967.jpg
1728;9186.jpg
1729;13132.jpg
1730;39661.jpg
1731;18408.jpg
1732;5663.jpg
1733;101452.jpg
1734;70238.jpg
1735;9030.jpg
1736;38686.jpg
1737;95800.jpg
1738;102847.jpg
1739;12290.jpg
1740;27.jpg
1741;32357.jpg
1742;48670.jpg
1743;72369.jpg
1744;19222.jpg
1745;58889.jpg
1746;80035.jpg
1747;11407.jpg
1748;91796.jpg
1749;24789.jpg
1750;40107.jpg
1751;3417.jpg
1752;71951.jpg
1753;57463.jpg
1754;71828.jpg
1755;77753.jpg
1756;33512.jpg
1757;36107.jpg
1758;74469.jpg
1759;36154.jpg
1760;37748.jpg
1761;92929.jpg
1762;81933.jpg
1763;38499.jpg
1764;9036.jpg
1765;84322.jpg
1766;41383.jpg
1767;74543.jpg
1768;26592.jpg
1769;78183.jpg
1770;87917.jpg
1771;38906.jpg
1772;29731.jpg
1773;102672.jpg
1774;85337.jpg
1775;40217.jpg
1776;10480.jpg
1777;63300.jpg
1778;30204.jpg
1779;58020.jpg
1780;15827.jpg
1781;28050.jpg
1782;21476.jpg
1783;33536.jpg
1784;47542.jpg
1785;20982.jpg
1786;30877.jpg
1787;56360.jpg
1788;74375.jpg
1789;78771.jpg
1790;20992.jpg
1791;14011.jpg
1792;9243.jpg
1793;42272.jpg
1794;89790.jpg
1795;28155.jpg
1796;102929.jpg
1797;52993.jpg
1798;41603.jpg
1799;97639.jpg
1800;34739.jpg
1801;86716.jpg
1802;21588.jpg
1803;55368.jpg
1804;64561.jpg
1805;51719.jpg
1806;34292.jpg
1807;92730.jpg
1808;77038.jpg
1809;66913.jpg
1810;77122.jpg
1811;26005.jpg
1812;54830.jpg
1813;76865.jpg
1814;100727.jpg
1815;87037.jpg
1816;55946.jpg
1817;27963.jpg
1818;31169.jpg
1819;89539.jpg
1820;7269.jpg
1821;55573.jpg
1822;60396.jpg
1823;73026.jpg
1824;46759.jpg
1825;63918.jpg
1826;66830.jpg
1827;10098.jpg
1828;38460.jpg
1829;98220.jpg
1830;92106.jpg
1831;37129.jpg
1832;98310.jpg
1833;75095.jpg
1834;101055.jpg
1835;77781.jpg
1836;75126.jpg
1837;37358.jpg
1838;78091.jpg
1839;33261.jpg
1840;38971.jpg
1841;58859.jpg
1842;47506.jpg
1843;38262.jpg
1844;11828.jpg
1845;63295.jpg
1846;78707.jpg
1847;22332.jpg
1848;95210.jpg
1849;80125.jpg
1850;78895.jpg
1851;14072.jpg
1852;63899.jpg
1853;63243.jpg
1854;63980.jpg
1855;59118.jpg
1856;85270.jpg
1857;100318.jpg
1858;65849.jpg
1859;28415.jpg
1860;98113.jpg
1861;53245.jpg
1862;56602.jpg
1863;11189.jpg
1864;53083.jpg
1865;58953.jpg
1866;26267.jpg
1867;52209.jpg
1868;12852.jpg
1869;17921.jpg
1870;74607.jpg
1871;74788.jpg
1872;16337.jpg
1873;93511.jpg
1874;82006.jpg
1875;11275.jpg
1876;72650.jpg
1877;65216.jpg
1878;22648.jpg
1879;44061.jpg
1880;73827.jpg
1881;51055.jpg
1882;91993.jpg
1883;51463.jpg
1884;39276.jpg
1885;5243.jpg
1886;45668.jpg
1887;101433.jpg
1888;14334.jpg
1889;60739.jpg
1890;18903.jpg
1891;100537.jpg
1892;35884.jpg
1893;9369.jpg
1894;32188.jpg
1895;76911.jpg
1896;78655.jpg
1897;100767.jpg
1898;61531.jpg
1899;30631.jpg
1900;89380.jpg
1901;30361.jpg
1902;21940.jpg
1903;99710.jpg
1904;58395.jpg
1905;20193.jpg
1906;3722.jpg
1907;21342.jpg
1908;53122.jpg
1909;31627.jpg
1910;44980.jpg
1911;15160.jpg
1912;8716.jpg
1913;96898.jpg
1914;95253.jpg
1915;96432.jpg
1916;75645.jpg
1917;85316.jpg
1918;26887.jpg
1919;22111.jpg
1920;99241.jpg
1921;95480.jpg
1922;32160.jpg
1923;95227.jpg
1924;28588.jpg
1925;60051.jpg
1926;55834.jpg
1927;44911.jpg
1928;50373.jpg
1929;72962.jpg
1930;64442.jpg
1931;89823.jpg
1932;36454.jpg
1933;43086.jpg
1934;69025.jpg
1935;73027.jpg
1936;2773.jpg
1937;30492.jpg
1938;36625.jpg
1939;78825.jpg
1940;98631.jpg
1941;46002.jpg
1942;83047.jpg
1943;47964.jpg
1944;14837.jpg
1945;10332.jpg
1946;39089.jpg
1947;62208.jpg
1948;69143.jpg
1949;68246.jpg
1950;71802.jpg
1951;86756.jpg
1952;31147.jpg
1953;95972.jpg
1954;91847.jpg
1955;77263.jpg
1956;2529.jpg
1957;90817.jpg
1958;95363.jpg
1959;29894.jpg
1960;33668.jpg
1961;85905.jpg
1962;75249.jpg
1963;26803.jpg
1964;50218.jpg
1965;98343.jpg
1966;36814.jpg
1967;33281.jpg
1968;14586.jpg
1969;14392.jpg
1970;7846.jpg
1971;20863.jpg
1972;45575.jpg
1973;57569.jpg
1974;53336.jpg
1975;64725.jpg
1976;82460.jpg
1977;88924.jpg
1978;78167.jpg
1979;24513.jpg
1980;52167.jpg
1981;39791.jpg
1982;34798.jpg
1983;59293.jpg
1984;26157.jpg
1985;48131.jpg
1986;98830.jpg
1987;12337.jpg
1988;15087.jpg
1989;43873.jpg
1990;53011.jpg
1991;70424.jpg
1992;87110.jpg
1993;78569.jpg
1994;39560.jpg
1995;56347.jpg
1996;92138.jpg
1997;36717.jpg
1998;56222.jpg
1999;7340.jpg
2000;38881.jpg
2001;14820.jpg
2002;12194.jpg
2003;16607.jpg
2004;24431.jpg
2005;6868.jpg
2006;9291.jpg
2007;62122.jpg
2008;75798.jpg
2009;29200.jpg
2010;88388.jpg
2011;62028.jpg
2012;54462.jpg
2013;16474.jpg
2014;69830.jpg
2015;102828.jpg
2016;57083.jpg
2017;31210.jpg
2018;12661.jpg
2019;102046.jpg
2020;29854.jpg
2021;84843.jpg
2022;100130.jpg
2023;74949.jpg
2024;56589.jpg
2025;30218.jpg
2026;7074.jpg
2027;19939.jpg
2028;55187.jpg
2029;1294.jpg
2030;45148.jpg
2031;7991.jpg
2032;93843.jpg
2033;80144.jpg
2034;53569.jpg
2035;43854.jpg
2036;70804.jpg
2037;15157.jpg
2038;59515.jpg
2039;70097.jpg
2040;61766.jpg
2041;13982.jpg
2042;48156.jpg
2043;5417.jpg
2044;76115.jpg
2045;71141.jpg
2046;19968.jpg
2047;65429.jpg
2048;20093.jpg
2049;52483.jpg
2050;60732.jpg
2051;10791.jpg
2052;37854.jpg
2053;91396.jpg
2054;58674.jpg
2055;99729.jpg
2056;15487.jpg
2057;73699.jpg
2058;76898.jpg
2059;24497.jpg
2060;92368.jpg
2061;16511.jpg
2062;96863.jpg
2063;100311.jpg
2064;13283.jpg
2065;9628.jpg
2066;10546.jpg
2067;35986.jpg
2068;68820.jpg
2069;24047.jpg
2070;102255.jpg
2071;63806.jpg
2072;96079.jpg
2073;72938.jpg
2074;74896.jpg
2075;89941.jpg
2076;21802.jpg
2077;77262.jpg
2078;34780.jpg
2079;37063.jpg
2080;7262.jpg
2081;91024.jpg
2082;3001.jpg
2083;15577.jpg
2084;28719.jpg
2085;56573.jpg
2086;17906.jpg
2087;36660.jpg
2088;34249.jpg
2089;65606.jpg
2090;69493.jpg
2091;6805.jpg
2092;43797.jpg
2093;49504.jpg
2094;15377.jpg
2095;48336.jpg
2096;41135.jpg
2097;95779.jpg
2098;85442.jpg
2099;99438.jpg
2100;12685.jpg
2101;49558.jpg
2102;51023.jpg
2103;19005.jpg
2104;86032.jpg
2105;67212.jpg
2106;96842.jpg
2107;4392.jpg
2108;95605.jpg
2109;47570.jpg
2110;37783.jpg
2111;3827.jpg
2112;101639.jpg
2113;93969.jpg
2114;79484.jpg
2115;31854.jpg
2116;81299.jpg
2117;41172.jpg
2118;48406.jpg
2119;84125.jpg
2120;96298.jpg
2121;19508.jpg
2122;20103.jpg
2123;86513.jpg
2124;76988.jpg
2125;77608.jpg
2126;62099.jpg
2127;94724.jpg
2128;35768.jpg
2129;32170.jpg
2130;96704.jpg
2131;75138.jpg
2132;34337.jpg
2133;94896.jpg
2134;62357.jpg
2135;94241.jpg
2136;70861.jpg
2137;33816.jpg
2138;70191.jpg
2139;55453.jpg
2140;55050.jpg
2141;4684.jpg
2142;29235.jpg
2143;18202.jpg
2144;77511.jpg
2145;66095.jpg
2146;25432.jpg
2147;52142.jpg
2148;70799.jpg
2149;11740.jpg
2150;100425.jpg
2151;25060.jpg
2152;71582.jpg
2153;50370.jpg
2154;84701.jpg
2155;99026.jpg
2156;83493.jpg
2157;19813.jpg
2158;10572.jpg
2159;100012.jpg
2160;98235.jpg
2161;58971.jpg
2162;72423.jpg
2163;66957.jpg
2164;66143.jpg
2165;7602.jpg
2166;87446.jpg
2167;11946.jpg
2168;78793.jpg
2169;24540.jpg
2170;51293.jpg
2171;30863.jpg
2172;50368.jpg
2173;57139.jpg
2174;59288.jpg
2175;59445.jpg
2176;77184.jpg
2177;18956.jpg
2178;26539.jpg
2179;45210.jpg
2180;43367.jpg
2181;52546.jpg
2182;98124.jpg
2183;98436.jpg
2184;43967.jpg
2185;61587.jpg
2186;50511.jpg
2187;43163.jpg
2188;78984.jpg
2189;52403.jpg
2190;42381.jpg
2191;94766.jpg
2192;36354.jpg
2193;75651.jpg
2194;43013.jpg
2195;87914.jpg
2196;13385.jpg
2197;50940.jpg
2198;82527.jpg
2199;27154.jpg
2200;40371.jpg
2201;63905.jpg
2202;68464.jpg
2203;1709.jpg
2204;48511.jpg
2205;96773.jpg
2206;40700.jpg
2207;36135.jpg
2208;11001.jpg
2209;67179.jpg
2210;101234.jpg
2211;25406.jpg
2212;61326.jpg
2213;85677.jpg
2214;10471.jpg
2215;45934.jpg
2216;21159.jpg
2217;86318.jpg
2218;20418.jpg
2219;82758.jpg
2220;73972.jpg
2221;7615.jpg
2222;79411.jpg
2223;95345.jpg
2224;79147.jpg
2225;20188.jpg
2226;64155.jpg
2227;90888.jpg
2228;84546.jpg
2229;100861.jpg
2230;13386.jpg
2231;39967.jpg
2232;39644.jpg
2233;62813.jpg
2234;35936.jpg
2235;20812.jpg
2236;18999.jpg
2237;93999.jpg
2238;38333.jpg
2239;42202.jpg
2240;10286.jpg
2241;98920.jpg
2242;101503.jpg
2243;36459.jpg
2244;100237.jpg
2245;47512.jpg
2246;16094.jpg
2247;36130.jpg
2248;54192.jpg
2249;77516.jpg
2250;24437.jpg
2251;72211.jpg
2252;99970.jpg
2253;4076.jpg
2254;52984.jpg
2255;47595.jpg
2256;42077.jpg
2257;65940.jpg
2258;1441.jpg
2259;72787.jpg
2260;95550.jpg
2261;66642.jpg
2262;81785.jpg
2263;12801.jpg
2264;40613.jpg
2265;77265.jpg
2266;86740.jpg
2267;14836.jpg
2268;100545.jpg
2269;98615.jpg
2270;23260.jpg
2271;33030.jpg
2272;7771.jpg
2273;61988.jpg
2274;40319.jpg
2275;27826.jpg
2276;49352.jpg
2277;42660.jpg
2278;39187.jpg
2279;61848.jpg
2280;7914.jpg
2281;16362.jpg
2282;16993.jpg
2283;48204.jpg
2284;48551.jpg
2285;61481.jpg
2286;73664.jpg
2287;46932.jpg
2288;71018.jpg
2289;90931.jpg
2290;30068.jpg
2291;26711.jpg
2292;55655.jpg
2293;56755.jpg
2294;30170.jpg
2295;29548.jpg
2296;40398.jpg
2297;84712.jpg
2298;14304.jpg
2299;61337.jpg
2300;16691.jpg
2301;73920.jpg
2302;90604.jpg
2303;58758.jpg
2304;56831.jpg
2305;30143.jpg
2306;26697.jpg
2307;56084.jpg
2308;72903.jpg
2309;41430.jpg
2310;63242.jpg
2311;11451.jpg
2312;16057.jpg
2313;17212.jpg
2314;94017.jpg
2315;36425.jpg
2316;53294.jpg
2317;29493.jpg
2318;96383.jpg
2319;46799.jpg
2320;33555.jpg
2321;92002.jpg
2322;91158.jpg
2323;15532.jpg
2324;94452.jpg
2325;19553.jpg
2326;8669.jpg
2327;95704.jpg
2328;96983.jpg
2329;77519.jpg
2330;78429.jpg
2331;31380.jpg
2332;94129.jpg
2333;52552.jpg
2334;58523.jpg
2335;100459.jpg
2336;30633.jpg
2337;27869.jpg
2338;53411.jpg
2339;80671.jpg
2340;11965.jpg
2341;43532.jpg
2342;65309.jpg
2343;94639.jpg
2344;83677.jpg
2345;20731.jpg
2346;65814.jpg
2347;39292.jpg
2348;40210.jpg
2349;15394.jpg
2350;72776.jpg
2351;33464.jpg
2352;33442.jpg
2353;4128.jpg
2354;74765.jpg
2355;88527.jpg
2356;515.jpg
2357;18143.jpg
2358;26621.jpg
2359;13489.jpg
2360;4171.jpg
2361;84624.jpg
2362;48032.jpg
2363;100831.jpg
2364;37972.jpg
2365;64008.jpg
2366;71484.jpg
2367;59973.jpg
2368;71449.jpg
2369;68954.jpg
2370;53772.jpg
2371;50915.jpg
2372;82727.jpg
2373;93953.jpg
2374;86788.jpg
2375;64207.jpg
2376;68532.jpg
2377;92380.jpg
2378;87343.jpg
2379;73806.jpg
2380;13654.jpg
2381;44640.jpg
2382;8743.jpg
2383;100485.jpg
2384;32211.jpg
2385;49190.jpg
2386;96446.jpg
2387;86181.jpg
2388;3322.jpg
2389;17053.jpg
2390;55579.jpg
2391;40945.jpg
2392;41264.jpg
2393;65523.jpg
2394;49358.jpg
2395;80.jpg
2396;51899.jpg
2397;7673.jpg
2398;48004.jpg
2399;16677.jpg
2400;77823.jpg
2401;63049.jpg
2402;25839.jpg
2403;86929.jpg
2404;93897.jpg
2405;22414.jpg
2406;34563.jpg
2407;48073.jpg
2408;20292.jpg
2409;85151.jpg
2410;80628.jpg
2411;1151.jpg
2412;68355.jpg
2413;68547.jpg
2414;52975.jpg
2415;102000.jpg
2416;58368.jpg
2417;73629.jpg
2418;82012.jpg
2419;95859.jpg
2420;20477.jpg
2421;26442.jpg
2422;40805.jpg
2423;51238.jpg
2424;45710.jpg
2425;71669.jpg
2426;28863.jpg
2427;17824.jpg
2428;26907.jpg
2429;38216.jpg
2430;60891.jpg
2431;56079.jpg
2432;52771.jpg
2433;64321.jpg
2434;70253.jpg
2435;93864.jpg
2436;53639.jpg
2437;88264.jpg
2438;28609.jpg
2439;52268.jpg
2440;60414.jpg
2441;38419.jpg
2442;29692.jpg
2443;31417.jpg
2444;21262.jpg
2445;40627.jpg
2446;34486.jpg
2447;51778.jpg
2448;78824.jpg
2449;102968.jpg
2450;93686.jpg
2451;26643.jpg
2452;1552.jpg
2453;32805.jpg
2454;43197.jpg
2455;63947.jpg
2456;54602.jpg
2457;32741.jpg
2458;58245.jpg
2459;52206.jpg
2460;100125.jpg
2461;87431.jpg
2462;71418.jpg
2463;85593.jpg
2464;31998.jpg
2465;61029.jpg
2466;3485.jpg
2467;82854.jpg
2468;96065.jpg
2469;1097.jpg
2470;78281.jpg
2471;82064.jpg
2472;68326.jpg
2473;19912.jpg
2474;34924.jpg
2475;29431.jpg
2476;27891.jpg
2477;7266.jpg
2478;94377.jpg
2479;59745.jpg
2480;62194.jpg
2481;35209.jpg
2482;29834.jpg
2483;49661.jpg
2484;44930.jpg
2485;44784.jpg
2486;15144.jpg
2487;44709.jpg
2488;205.jpg
2489;91716.jpg
2490;15251.jpg
2491;27660.jpg
2492;42614.jpg
2493;61606.jpg
2494;12885.jpg
2495;46201.jpg
2496;2038.jpg
2497;87335.jpg
2498;7386.jpg
2499;102642.jpg
2500;1828.jpg
2501;72162.jpg
2502;4095.jpg
2503;36889.jpg
2504;102107.jpg
2505;10301.jpg
2506;98732.jpg
2507;16118.jpg
2508;18941.jpg
2509;22885.jpg
2510;87310.jpg
2511;77290.jpg
2512;80069.jpg
2513;28458.jpg
2514;10614.jpg
2515;99905.jpg
2516;100411.jpg
2517;28676.jpg
2518;59993.jpg
2519;102493.jpg
2520;86042.jpg
2521;48015.jpg
2522;14601.jpg
2523;90642.jpg
2524;15646.jpg
2525;8155.jpg
2526;78258.jpg
2527;6877.jpg
2528;95151.jpg
2529;34271.jpg
2530;19491.jpg
2531;49936.jpg
2532;99205.jpg
2533;6579.jpg
2534;37106.jpg
2535;59300.jpg
2536;13166.jpg
2537;54647.jpg
2538;33048.jpg
2539;63614.jpg
2540;4533.jpg
2541;97582.jpg
2542;29116.jpg
2543;47946.jpg
2544;80199.jpg
2545;99578.jpg
2546;16820.jpg
2547;43181.jpg
2548;45090.jpg
2549;87150.jpg
2550;12712.jpg
2551;87642.jpg
2552;38401.jpg
2553;86246.jpg
2554;83455.jpg
2555;97804.jpg
2556;85695.jpg
2557;70320.jpg
2558;56106.jpg
2559;81813.jpg
2560;68021.jpg
2561;38903.jpg
2562;66976.jpg
2563;52721.jpg
2564;40187.jpg
2565;20196.jpg
2566;64434.jpg
2567;57191.jpg
2568;88243.jpg
2569;6442.jpg
2570;56935.jpg
2571;5159.jpg
2572;27559.jpg
2573;6930.jpg
2574;65051.jpg
2575;72827.jpg
2576;86763.jpg
2577;57984.jpg
2578;97574.jpg
2579;72068.jpg
2580;15980.jpg
2581;23210.jpg
2582;14715.jpg
2583;79531.jpg
2584;85080.jpg
2585;95302.jpg
2586;16026.jpg
2587;800.jpg
2588;90812.jpg
2589;66677.jpg
2590;41600.jpg
2591;48818.jpg
2592;37703.jpg
2593;16987.jpg
2594;95523.jpg
2595;84381.jpg
2596;59575.jpg
2597;2626.jpg
2598;45430.jpg
2599;74618.jpg
2600;1780.jpg
2601;90352.jpg
2602;96419.jpg
2603;41144.jpg
2604;73125.jpg
2605;24481.jpg
2606;58366.jpg
2607;83367.jpg
2608;28656.jpg
2609;78255.jpg
2610;74290.jpg
2611;1666.jpg
2612;22017.jpg
2613;770.jpg
2614;99589.jpg
2615;80709.jpg
2616;36946.jpg
2617;100906.jpg
2618;11225.jpg
2619;24637.jpg
2620;56978.jpg
2621;16195.jpg
2622;77178.jpg
2623;82240.jpg
2624;61786.jpg
2625;92248.jpg
2626;41729.jpg
2627;56806.jpg
2628;61190.jpg
2629;62809.jpg
2630;10992.jpg
2631;27389.jpg
2632;16947.jpg
2633;83082.jpg
2634;89602.jpg
2635;46700.jpg
2636;55965.jpg
2637;27099.jpg
2638;102416.jpg
2639;90230.jpg
2640;5689.jpg
2641;84243.jpg
2642;57780.jpg
2643;64398.jpg
2644;28438.jpg
2645;54788.jpg
2646;23611.jpg
2647;15072.jpg
2648;84622.jpg
2649;78549.jpg
2650;92089.jpg
2651;102376.jpg
2652;58873.jpg
2653;9407.jpg
2654;330.jpg
2655;95901.jpg
2656;73875.jpg
2657;99880.jpg
2658;40630.jpg
2659;26476.jpg
2660;9886.jpg
2661;17452.jpg
2662;47588.jpg
2663;31954.jpg
2664;54608.jpg
2665;56789.jpg
2666;27070.jpg
2667;57063.jpg
2668;7698.jpg
2669;53775.jpg
2670;38602.jpg
2671;65460.jpg
2672;80635.jpg
2673;92843.jpg
2674;82222.jpg
2675;40879.jpg
2676;94968.jpg
2677;75636.jpg
2678;52503.jpg
2679;29844.jpg
2680;10096.jpg
2681;68359.jpg
2682;70763.jpg
2683;37894.jpg
2684;101517.jpg
2685;75481.jpg
2686;35074.jpg
2687;12507.jpg
2688;96847.jpg
2689;14314.jpg
2690;51958.jpg
2691;93697.jpg
2692;79357.jpg
2693;102956.jpg
2694;97562.jpg
2695;53301.jpg
2696;85179.jpg
2697;103235.jpg
2698;32967.jpg
2699;48589.jpg
2700;21627.jpg
2701;36742.jpg
2702;66808.jpg
2703;8612.jpg
2704;53608.jpg
2705;59843.jpg
2706;11784.jpg
2707;10522.jpg
2708;71513.jpg
2709;46689.jpg
2710;438.jpg
2711;92321.jpg
2712;21081.jpg
2713;11424.jpg
2714;31791.jpg
2715;101256.jpg
2716;37483.jpg
2717;60853.jpg
2718;52835.jpg
2719;65346.jpg
2720;3431.jpg
2721;85629.jpg
2722;89236.jpg
2723;73948.jpg
2724;85616.jpg
2725;60280.jpg
2726;27136.jpg
2727;75712.jpg
2728;18617.jpg
2729;37500.jpg
2730;98978.jpg
2731;88011.jpg
2732;44735.jpg
2733;88241.jpg
2734;70530.jpg
2735;15820.jpg
2736;90562.jpg
2737;102202.jpg
2738;69585.jpg
2739;28728.jpg
2740;68448.jpg
2741;90410.jpg
2742;93957.jpg
2743;55284.jpg
2744;86892.jpg
2745;93139.jpg
2746;1805.jpg
2747;70426.jpg
2748;78991.jpg
2749;70557.jpg
2750;85134.jpg
2751;14621.jpg
2752;60249.jpg
2753;60030.jpg
2754;57255.jpg
2755;5921.jpg
2756;100287.jpg
2757;81530.jpg
2758;41178.jpg
2759;40951.jpg
2760;698.jpg
2761;69274.jpg
2762;6543.jpg
2763;72133.jpg
2764;75688.jpg
2765;88029.jpg
2766;29646.jpg
2767;96023.jpg
2768;81808.jpg
2769;69308.jpg
2770;23126.jpg
2771;23111.jpg
2772;20375.jpg
2773;95162.jpg
2774;72907.jpg
2775;42853.jpg
2776;6539.jpg
2777;1444.jpg
2778;86499.jpg
2779;69858.jpg
2780;72739.jpg
2781;38968.jpg
2782;15264.jpg
2783;37265.jpg
2784;17759.jpg
2785;88006.jpg
2786;32457.jpg
2787;27208.jpg
2788;6954.jpg
2789;77836.jpg
2790;36885.jpg
2791;4400.jpg
2792;25120.jpg
2793;96628.jpg
2794;56117.jpg
2795;52443.jpg
2796;33191.jpg
2797;51350.jpg
2798;98804.jpg
2799;42906.jpg
2800;10316.jpg
2801;99356.jpg
2802;25677.jpg
2803;43288.jpg
2804;82644.jpg
2805;34547.jpg
2806;96633.jpg
2807;5011.jpg
2808;2078.jpg
2809;11702.jpg
2810;51632.jpg
2811;25515.jpg
2812;41723.jpg
2813;11374.jpg
2814;8088.jpg
2815;8693.jpg
2816;26435.jpg
2817;6275.jpg
2818;49010.jpg
2819;42339.jpg
2820;5124.jpg
2821;60563.jpg
2822;77386.jpg
2823;4995.jpg
2824;91634.jpg
2825;62582.jpg
2826;48657.jpg
2827;84329.jpg
2828;59710.jpg
2829;48822.jpg
2830;25914.jpg
2831;37044.jpg
2832;36309.jpg
2833;10646.jpg
2834;46099.jpg
2835;43303.jpg
2836;84083.jpg
2837;79.jpg
2838;96179.jpg
2839;12247.jpg
2840;70113.jpg
2841;10944.jpg
2842;80096.jpg
2843;57675.jpg
2844;82428.jpg
2845;53090.jpg
2846;13404.jpg
2847;94309.jpg
2848;67219.jpg
2849;35219.jpg
2850;53860.jpg
2851;65248.jpg
2852;102983.jpg
2853;58479.jpg
2854;24638.jpg
2855;45134.jpg
2856;15235.jpg
2857;11233.jpg
2858;68367.jpg
2859;42295.jpg
2860;57898.jpg
2861;29865.jpg
2862;3682.jpg
2863;5105.jpg
2864;76500.jpg
2865;48963.jpg
2866;98764.jpg
2867;17217.jpg
2868;67427.jpg
2869;94942.jpg
2870;6762.jpg
2871;33677.jpg
2872;18471.jpg
2873;66218.jpg
2874;6177.jpg
2875;91477.jpg
2876;30504.jpg
2877;33317.jpg
2878;59111.jpg
2879;95507.jpg
2880;26314.jpg
2881;81389.jpg
2882;99382.jpg
2883;18568.jpg
2884;90091.jpg
2885;37058.jpg
2886;9469.jpg
2887;93209.jpg
2888;33613.jpg
2889;68936.jpg
2890;37475.jpg
2891;13601.jpg
2892;87847.jpg
2893;17280.jpg
2894;38341.jpg
2895;71954.jpg
2896;78653.jpg
2897;58069.jpg
2898;22286.jpg
2899;50256.jpg
2900;48535.jpg
2901;42082.jpg
2902;48525.jpg
2903;81531.jpg
2904;8025.jpg
2905;72628.jpg
2906;45736.jpg
2907;51006.jpg
2908;54161.jpg
2909;25041.jpg
2910;3063.jpg
2911;94774.jpg
2912;36537.jpg
2913;7714.jpg
2914;33063.jpg
2915;101384.jpg
2916;44343.jpg
2917;79054.jpg
2918;44376.jpg
2919;49829.jpg
2920;42559.jpg
2921;17070.jpg
2922;51491.jpg
2923;36408.jpg
2924;2806.jpg
2925;78170.jpg
2926;77090.jpg
2927;40952.jpg
2928;5865.jpg
2929;41593.jpg
2930;15422.jpg
2931;70360.jpg
2932;80799.jpg
2933;78978.jpg
2934;38616.jpg
2935;75631.jpg
2936;55787.jpg
2937;32979.jpg
2938;58217.jpg
2939;35005.jpg
2940;52680.jpg
2941;75474.jpg
2942;17302.jpg
2943;33881.jpg
2944;21574.jpg
2945;71289.jpg
2946;64368.jpg
2947;8070.jpg
2948;1675.jpg
2949;31675.jpg
2950;51335.jpg
2951;79976.jpg
2952;43101.jpg
2953;11129.jpg
2954;10778.jpg
2955;74299.jpg
2956;28499.jpg
2957;87923.jpg
2958;98847.jpg
2959;36036.jpg
2960;27855.jpg
2961;55795.jpg
2962;102814.jpg
2963;66710.jpg
2964;16613.jpg
2965;66464.jpg
2966;27829.jpg
2967;85737.jpg
2968;29305.jpg
2969;74759.jpg
2970;44853.jpg
2971;71337.jpg
2972;95410.jpg
2973;81771.jpg
2974;9468.jpg
2975;27059.jpg
2976;15491.jpg
2977;81292.jpg
2978;23829.jpg
2979;11838.jpg
2980;32421.jpg
2981;77544.jpg
2982;90793.jpg
2983;42584.jpg
2984;102405.jpg
2985;35061.jpg
2986;33986.jpg
2987;55521.jpg
2988;10687.jpg
2989;102777.jpg
2990;76828.jpg
2991;25830.jpg
2992;33827.jpg
2993;74645.jpg
2994;74328.jpg
2995;30746.jpg
2996;80235.jpg
2997;75700.jpg
2998;88232.jpg
2999;12294.jpg
3000;6962.jpg
3001;47583.jpg
3002;94246.jpg
3003;97083.jpg
3004;42006.jpg
3005;30518.jpg
3006;6917.jpg
3007;11465.jpg
3008;35153.jpg
3009;95166.jpg
3010;57135.jpg
3011;51016.jpg
3012;22951.jpg
3013;77189.jpg
3014;25411.jpg
3015;63265.jpg
3016;25238.jpg
3017;41157.jpg
3018;24820.jpg
3019;6518.jpg
3020;46482.jpg
3021;80986.jpg
3022;97443.jpg
3023;67982.jpg
3024;59089.jpg
3025;79298.jpg
3026;84957.jpg
3027;3138.jpg
3028;40073.jpg
3029;10043.jpg
3030;10924.jpg
3031;12198.jpg
3032;16504.jpg
3033;68459.jpg
3034;46260.jpg
3035;80980.jpg
3036;61267.jpg
3037;92202.jpg
3038;43196.jpg
3039;42760.jpg
3040;135.jpg
3041;63967.jpg
3042;39507.jpg
3043;44305.jpg
3044;102930.jpg
3045;41286.jpg
3046;72983.jpg
3047;29336.jpg
3048;48429.jpg
3049;86028.jpg
3050;33047.jpg
3051;67320.jpg
3052;4060.jpg
3053;31251.jpg
3054;68193.jpg
3055;84462.jpg
3056;83941.jpg
3057;57999.jpg
3058;69377.jpg
3059;65393.jpg
3060;50194.jpg
3061;69024.jpg
3062;60483.jpg
3063;20773.jpg
3064;21979.jpg
3065;93193.jpg
3066;3636.jpg
3067;61379.jpg
3068;75608.jpg
3069;13731.jpg
3070;56262.jpg
3071;60270.jpg
3072;71015.jpg
3073;77118.jpg
3074;30993.jpg
3075;99750.jpg
3076;37556.jpg
3077;29326.jpg
3078;66526.jpg
3079;39920.jpg
3080;81387.jpg
3081;12283.jpg
3082;84263.jpg
3083;86430.jpg
3084;1252.jpg
3085;65538.jpg
3086;101427.jpg
3087;85358.jpg
3088;69919.jpg
3089;50848.jpg
3090;27639.jpg
3091;69102.jpg
3092;26723.jpg
3093;36734.jpg
3094;17496.jpg
3095;40021.jpg
3096;47663.jpg
3097;42408.jpg
3098;33832.jpg
3099;53947.jpg
3100;36770.jpg
3101;63892.jpg
3102;95938.jpg
3103;31508.jpg
3104;27712.jpg
3105;48483.jpg
3106;21358.jpg
3107;1796.jpg
3108;62063.jpg
3109;40137.jpg
3110;43590.jpg
3111;20669.jpg
3112;89286.jpg
3113;76023.jpg
3114;83319.jpg
3115;67465.jpg
3116;5184.jpg
3117;99448.jpg
3118;17147.jpg
3119;9854.jpg
3120;25897.jpg
3121;21523.jpg
3122;48214.jpg
3123;26528.jpg
3124;32329.jpg
3125;100081.jpg
3126;59290.jpg
3127;76487.jpg
3128;63204.jpg
3129;6596.jpg
3130;78685.jpg
3131;13395.jpg
3132;64441.jpg
3133;98489.jpg
3134;26996.jpg
3135;3350.jpg
3136;56751.jpg
3137;64916.jpg
3138;81173.jpg
3139;42668.jpg
3140;97581.jpg
3141;27608.jpg
3142;98544.jpg
3143;70826.jpg
3144;91677.jpg
3145;47707.jpg
3146;21672.jpg
3147;37339.jpg
3148;42721.jpg
3149;41280.jpg
3150;76402.jpg
3151;27113.jpg
3152;66998.jpg
3153;49267.jpg
3154;783.jpg
3155;37227.jpg
3156;28336.jpg
3157;31920.jpg
3158;69645.jpg
3159;39286.jpg
3160;63479.jpg
3161;48457.jpg
3162;76029.jpg
3163;22707.jpg
3164;46915.jpg
3165;28003.jpg
3166;37560.jpg
3167;47758.jpg
3168;62527.jpg
3169;18370.jpg
3170;18325.jpg
3171;103112.jpg
3172;23400.jpg
3173;5166.jpg
3174;28990.jpg
3175;28892.jpg
3176;89214.jpg
3177;78889.jpg
3178;8701.jpg
3179;22302.jpg
3180;32176.jpg
3181;37632.jpg
3182;4718.jpg
3183;12800.jpg
3184;69357.jpg
3185;58623.jpg
3186;61915.jpg
3187;17448.jpg
3188;89669.jpg
3189;72083.jpg
3190;36754.jpg
3191;30463.jpg
3192;91246.jpg
3193;3741.jpg
3194;7016.jpg
3195;5628.jpg
3196;63503.jpg
3197;71591.jpg
3198;5980.jpg
3199;90381.jpg
3200;85225.jpg
3201;67041.jpg
3202;30046.jpg
3203;102412.jpg
3204;97949.jpg
3205;84790.jpg
3206;4649.jpg
3207;82150.jpg
3208;69790.jpg
3209;91875.jpg
3210;7390.jpg
3211;58064.jpg
3212;56905.jpg
3213;75278.jpg
3214;722.jpg
3215;100680.jpg
3216;99050.jpg
3217;44661.jpg
3218;74902.jpg
3219;89050.jpg
3220;87458.jpg
3221;45696.jpg
3222;24678.jpg
3223;73169.jpg
3224;36768.jpg
3225;90663.jpg
3226;97417.jpg
3227;89780.jpg
3228;23971.jpg
3229;68301.jpg
3230;19324.jpg
3231;50531.jpg
3232;95050.jpg
3233;77953.jpg
3234;32677.jpg
3235;99446.jpg
3236;19488.jpg
3237;102958.jpg
3238;87178.jpg
3239;2613.jpg
3240;7956.jpg
3241;5150.jpg
3242;17636.jpg
3243;99701.jpg
3244;77498.jpg
3245;49969.jpg
3246;97389.jpg
3247;3679.jpg
3248;73396.jpg
3249;101713.jpg
3250;43192.jpg
3251;10574.jpg
3252;41958.jpg
3253;17836.jpg
3254;96312.jpg
3255;100352.jpg
3256;22548.jpg
3257;54793.jpg
3258;90135.jpg
3259;76660.jpg
3260;89452.jpg
3261;35522.jpg
3262;31951.jpg
3263;29676.jpg
3264;69885.jpg
3265;17152.jpg
3266;70922.jpg
3267;11028.jpg
3268;67129.jpg
3269;87279.jpg
3270;20160.jpg
3271;77837.jpg
3272;60350.jpg
3273;100394.jpg
3274;62893.jpg
3275;22290.jpg
3276;85767.jpg
3277;51730.jpg
3278;41904.jpg
3279;103095.jpg
3280;88604.jpg
3281;102829.jpg
3282;24813.jpg
3283;8751.jpg
3284;35347.jpg
3285;89334.jpg
3286;81908.jpg
3287;9292.jpg
3288;63159.jpg
3289;77970.jpg
3290;14828.jpg
3291;40306.jpg
3292;95012.jpg
3293;1371.jpg
3294;67061.jpg
3295;22732.jpg
3296;93167.jpg
3297;96214.jpg
3298;31769.jpg
3299;40665.jpg
3300;3616.jpg
3301;47955.jpg
3302;96949.jpg
3303;40120.jpg
3304;32133.jpg
3305;69510.jpg
3306;60631.jpg
3307;17194.jpg
3308;687.jpg
3309;59011.jpg
3310;64328.jpg
3311;92633.jpg
3312;67366.jpg
3313;31166.jpg
3314;92836.jpg
3315;51589.jpg
3316;7182.jpg
3317;10864.jpg
3318;73481.jpg
3319;16625.jpg
3320;48629.jpg
3321;71799.jpg
3322;31131.jpg
3323;65165.jpg
3324;74223.jpg
3325;20120.jpg
3326;9867.jpg
3327;31202.jpg
3328;71801.jpg
3329;33339.jpg
3330;38121.jpg
3331;71895.jpg
3332;13781.jpg
3333;86507.jpg
3334;18381.jpg
3335;740.jpg
3336;63083.jpg
3337;40097.jpg
3338;97521.jpg
3339;40228.jpg
3340;19989.jpg
3341;64634.jpg
3342;102735.jpg
3343;43550.jpg
3344;49572.jpg
3345;75031.jpg
3346;51306.jpg
3347;55040.jpg
3348;92902.jpg
3349;83467.jpg
3350;33968.jpg
3351;76033.jpg
3352;95433.jpg
3353;16631.jpg
3354;41692.jpg
3355;44575.jpg
3356;34812.jpg
3357;60695.jpg
3358;83218.jpg
3359;46012.jpg
3360;57553.jpg
3361;923.jpg
3362;30012.jpg
3363;12673.jpg
3364;7929.jpg
3365;33425.jpg
3366;95353.jpg
3367;21540.jpg
3368;5867.jpg
3369;25710.jpg
3370;56540.jpg
3371;25772.jpg
3372;97684.jpg
3373;40130.jpg
3374;48778.jpg
3375;44739.jpg
3376;90423.jpg
3377;77589.jpg
3378;13841.jpg
3379;6108.jpg
3380;69890.jpg
3381;50968.jpg
3382;68626.jpg
3383;59135.jpg
3384;19597.jpg
3385;53687.jpg
3386;55762.jpg
3387;83571.jpg
3388;64503.jpg
3389;51930.jpg
3390;98553.jpg
3391;98894.jpg
3392;51811.jpg
3393;73241.jpg
3394;27009.jpg
3395;37381.jpg
3396;49977.jpg
3397;22857.jpg
3398;573.jpg
3399;60159.jpg
3400;76274.jpg
3401;84800.jpg
3402;81021.jpg
3403;50467.jpg
3404;80941.jpg
3405;100082.jpg
3406;78225.jpg
3407;100958.jpg
3408;12785.jpg
3409;1746.jpg
3410;36464.jpg
3411;40201.jpg
3412;48653.jpg
3413;94003.jpg
3414;89429.jpg
3415;33830.jpg
3416;55269.jpg
3417;92818.jpg
3418;67882.jpg
3419;58778.jpg
3420;87839.jpg
3421;22144.jpg
3422;7151.jpg
3423;33365.jpg
3424;64224.jpg
3425;39345.jpg
3426;94118.jpg
3427;103114.jpg
3428;89363.jpg
3429;89644.jpg
3430;43117.jpg
3431;17793.jpg
3432;62605.jpg
3433;98536.jpg
3434;9578.jpg
3435;101449.jpg
3436;13384.jpg
3437;70074.jpg
3438;15994.jpg
3439;65389.jpg
3440;97246.jpg
3441;70200.jpg
3442;51.jpg
3443;94534.jpg
3444;95652.jpg
3445;89557.jpg
3446;99175.jpg
3447;83630.jpg
3448;62340.jpg
3449;26674.jpg
3450;96113.jpg
3451;95739.jpg
3452;100044.jpg
3453;101678.jpg
3454;76062.jpg
3455;101887.jpg
3456;36217.jpg
3457;42257.jpg
3458;81511.jpg
3459;74733.jpg
3460;74191.jpg
3461;77201.jpg
3462;1421.jpg
3463;101915.jpg
3464;100192.jpg
3465;96524.jpg
3466;37612.jpg
3467;96087.jpg
3468;71840.jpg
3469;41524.jpg
3470;76217.jpg
3471;89573.jpg
3472;98864.jpg
3473;85423.jpg
3474;32031.jpg
3475;7218.jpg
3476;88480.jpg
3477;27380.jpg
3478;24436.jpg
3479;17777.jpg
3480;48691.jpg
3481;69078.jpg
3482;7641.jpg
3483;48869.jpg
3484;51204.jpg
3485;87836.jpg
3486;31037.jpg
3487;67960.jpg
3488;82568.jpg
3489;18795.jpg
3490;54086.jpg
3491;2509.jpg
3492;79633.jpg
3493;66359.jpg
3494;25168.jpg
3495;73447.jpg
3496;17660.jpg
3497;77515.jpg
3498;43049.jpg
3499;65149.jpg
3500;17451.jpg
3501;24927.jpg
3502;80138.jpg
3503;29092.jpg
3504;28213.jpg
3505;58852.jpg
3506;52203.jpg
3507;8626.jpg
3508;1731.jpg
3509;7234.jpg
3510;33929.jpg
3511;89462.jpg
3512;40637.jpg
3513;33483.jpg
3514;89761.jpg
3515;51910.jpg
3516;89118.jpg
3517;15124.jpg
3518;8512.jpg
3519;88601.jpg
3520;98177.jpg
3521;36067.jpg
3522;29681.jpg
3523;83312.jpg
3524;32244.jpg
3525;48324.jpg
3526;36298.jpg
3527;92504.jpg
3528;9883.jpg
3529;62005.jpg
3530;84744.jpg
3531;17333.jpg
3532;9735.jpg
3533;92191.jpg
3534;65619.jpg
3535;46849.jpg
3536;65397.jpg
3537;45287.jpg
3538;83776.jpg
3539;5053.jpg
3540;97501.jpg
3541;92153.jpg
3542;89205.jpg
3543;10980.jpg
3544;46223.jpg
3545;69907.jpg
3546;44828.jpg
3547;96535.jpg
3548;66191.jpg
3549;37078.jpg
3550;91192.jpg
3551;33597.jpg
3552;79008.jpg
3553;61028.jpg
3554;102274.jpg
3555;66433.jpg
3556;47421.jpg
3557;2867.jpg
3558;68655.jpg
3559;96406.jpg
3560;98314.jpg
3561;67866.jpg
3562;53959.jpg
3563;87399.jpg
3564;59233.jpg
3565;26159.jpg
3566;76602.jpg
3567;44587.jpg
3568;58305.jpg
3569;100709.jpg
3570;77291.jpg
3571;19617.jpg
3572;53837.jpg
3573;82242.jpg
3574;85493.jpg
3575;51635.jpg
3576;24679.jpg
3577;97509.jpg
3578;32608.jpg
3579;32808.jpg
3580;31802.jpg
3581;34954.jpg
3582;89498.jpg
3583;97753.jpg
3584;10897.jpg
3585;72625.jpg
3586;73855.jpg
3587;15009.jpg
3588;89262.jpg
3589;27295.jpg
3590;99429.jpg
3591;97152.jpg
3592;72998.jpg
3593;62551.jpg
3594;58794.jpg
3595;17768.jpg
3596;13503.jpg
3597;22985.jpg
3598;67249.jpg
3599;91724.jpg
3600;10599.jpg
3601;41986.jpg
3602;49458.jpg
3603;41668.jpg
3604;3423.jpg
3605;60831.jpg
3606;36494.jpg
3607;8556.jpg
3608;21785.jpg
3609;71738.jpg
3610;81757.jpg
3611;83750.jpg
3612;50980.jpg
3613;12716.jpg
3614;31461.jpg
3615;1638.jpg
3616;50646.jpg
3617;96369.jpg
3618;28145.jpg
3619;28312.jpg
3620;19285.jpg
3621;26389.jpg
3622;16732.jpg
3623;69985.jpg
3624;45979.jpg
3625;56035.jpg
3626;46599.jpg
3627;94098.jpg
3628;87173.jpg
3629;89117.jpg
3630;8084.jpg
3631;58242.jpg
3632;62512.jpg
3633;54292.jpg
3634;64034.jpg
3635;19768.jpg
3636;4259.jpg
3637;97077.jpg
3638;39872.jpg
3639;76903.jpg
3640;35350.jpg
3641;21414.jpg
3642;12825.jpg
3643;34967.jpg
3644;85921.jpg
3645;68042.jpg
3646;5032.jpg
3647;46082.jpg
3648;101437.jpg
3649;8367.jpg
3650;98125.jpg
3651;22086.jpg
3652;47278.jpg
3653;13852.jpg
3654;9187.jpg
3655;28905.jpg
3656;75416.jpg
3657;64297.jpg
3658;70285.jpg
3659;89039.jpg
3660;14983.jpg
3661;43707.jpg
3662;63120.jpg
3663;25016.jpg
3664;47088.jpg
3665;64758.jpg
3666;35309.jpg
3667;79082.jpg
3668;88986.jpg
3669;49154.jpg
3670;6296.jpg
3671;13452.jpg
3672;71656.jpg
3673;99040.jpg
3674;88013.jpg
3675;87274.jpg
3676;15836.jpg
3677;83274.jpg
3678;20660.jpg
3679;62323.jpg
3680;63941.jpg
3681;93307.jpg
3682;51474.jpg
3683;51639.jpg
3684;64257.jpg
3685;27539.jpg
3686;54549.jpg
3687;53621.jpg
3688;45534.jpg
3689;49250.jpg
3690;69956.jpg
3691;92125.jpg
3692;34814.jpg
3693;83350.jpg
3694;30451.jpg
3695;24628.jpg
3696;1173.jpg
3697;100544.jpg
3698;44381.jpg
3699;94384.jpg
3700;29218.jpg
3701;100262.jpg
3702;75470.jpg
3703;22061.jpg
3704;12701.jpg
3705;7507.jpg
3706;77974.jpg
3707;96488.jpg
3708;46841.jpg
3709;94061.jpg
3710;20226.jpg
3711;64206.jpg
3712;23181.jpg
3713;54306.jpg
3714;43088.jpg
3715;97536.jpg
3716;44409.jpg
3717;76978.jpg
3718;35963.jpg
3719;53417.jpg
3720;59969.jpg
3721;41541.jpg
3722;61880.jpg
3723;5824.jpg
3724;100077.jpg
3725;30776.jpg
3726;84946.jpg
3727;92438.jpg
3728;92812.jpg
3729;88776.jpg
3730;58981.jpg
3731;24834.jpg
3732;68318.jpg
3733;92583.jpg
3734;3552.jpg
3735;29977.jpg
3736;91127.jpg
3737;79815.jpg
3738;92631.jpg
3739;78140.jpg
3740;16194.jpg
3741;43831.jpg
3742;53205.jpg
3743;97504.jpg
3744;356.jpg
3745;27845.jpg
3746;7921.jpg
3747;25538.jpg
3748;92437.jpg
3749;18921.jpg
3750;17521.jpg
3751;10258.jpg
3752;79199.jpg
3753;81994.jpg
3754;3390.jpg
3755;66875.jpg
3756;53403.jpg
3757;82425.jpg
3758;60008.jpg
3759;87860.jpg
3760;45189.jpg
3761;52969.jpg
3762;61071.jpg
3763;5368.jpg
3764;88089.jpg
3765;9948.jpg
3766;22173.jpg
3767;2584.jpg
3768;53265.jpg
3769;97899.jpg
3770;16776.jpg
3771;6414.jpg
3772;90098.jpg
3773;53360.jpg
3774;95823.jpg
3775;75521.jpg
3776;68029.jpg
3777;17261.jpg
3778;99849.jpg
3779;38208.jpg
3780;20094.jpg
3781;73630.jpg
3782;5144.jpg
3783;50789.jpg
3784;87473.jpg
3785;36364.jpg
3786;23362.jpg
3787;50582.jpg
3788;19372.jpg
3789;39425.jpg
3790;13071.jpg
3791;92797.jpg
3792;16957.jpg
3793;19084.jpg
3794;91988.jpg
3795;81452.jpg
3796;42648.jpg
3797;7732.jpg
3798;67362.jpg
3799;3412.jpg
3800;67102.jpg
3801;78722.jpg
3802;47594.jpg
3803;96645.jpg
3804;87537.jpg
3805;83402.jpg
3806;41564.jpg
3807;42140.jpg
3808;27894.jpg
3809;12449.jpg
3810;33192.jpg
3811;11674.jpg
3812;50302.jpg
3813;50394.jpg
3814;17811.jpg
3815;42148.jpg
3816;68163.jpg
3817;52894.jpg
3818;42549.jpg
3819;67093.jpg
3820;44485.jpg
3821;40093.jpg
3822;39.jpg
3823;81448.jpg
3824;50465.jpg
3825;97368.jpg
3826;9643.jpg
3827;77648.jpg
3828;84306.jpg
3829;95176.jpg
3830;47726.jpg
3831;23954.jpg
3832;90343.jpg
3833;42366.jpg
3834;60017.jpg
3835;18089.jpg
3836;50237.jpg
3837;91939.jpg
3838;59614.jpg
3839;40363.jpg
3840;50065.jpg
3841;82808.jpg
3842;15918.jpg
3843;91141.jpg
3844;1693.jpg
3845;24454.jpg
3846;19586.jpg
3847;77664.jpg
3848;34382.jpg
3849;100201.jpg
3850;87701.jpg
3851;2063.jpg
3852;82931.jpg
3853;24697.jpg
3854;42360.jpg
3855;35373.jpg
3856;56816.jpg
3857;66563.jpg
3858;37851.jpg
3859;59698.jpg
3860;32792.jpg
3861;100194.jpg
3862;63893.jpg
3863;26576.jpg
3864;99407.jpg
3865;46155.jpg
3866;48952.jpg
3867;4922.jpg
3868;79888.jpg
3869;96954.jpg
3870;92142.jpg
3871;37425.jpg
3872;15652.jpg
3873;33769.jpg
3874;43623.jpg
3875;15935.jpg
3876;34650.jpg
3877;62476.jpg
3878;11376.jpg
3879;30525.jpg
3880;53172.jpg
3881;48601.jpg
3882;6493.jpg
3883;274.jpg
3884;1535.jpg
3885;16221.jpg
3886;84283.jpg
3887;74293.jpg
3888;29048.jpg
3889;15962.jpg
3890;56333.jpg
3891;93727.jpg
3892;64530.jpg
3893;97038.jpg
3894;42256.jpg
3895;56390.jpg
3896;86673.jpg
3897;10998.jpg
3898;41763.jpg
3899;39992.jpg
3900;33469.jpg
3901;5910.jpg
3902;53889.jpg
3903;38176.jpg
3904;101019.jpg
3905;81499.jpg
3906;69178.jpg
3907;27204.jpg
3908;88913.jpg
3909;52507.jpg
3910;92236.jpg
3911;99049.jpg
3912;92057.jpg
3913;49271.jpg
3914;58649.jpg
3915;62188.jpg
3916;92288.jpg
3917;607.jpg
3918;28452.jpg
3919;96761.jpg
3920;93108.jpg
3921;27519.jpg
3922;20876.jpg
3923;66348.jpg
3924;62753.jpg
3925;102567.jpg
3926;29699.jpg
3927;74320.jpg
3928;79124.jpg
3929;13671.jpg
3930;32399.jpg
3931;100798.jpg
3932;28980.jpg
3933;74140.jpg
3934;59425.jpg
3935;83259.jpg
3936;13868.jpg
3937;82711.jpg
3938;50665.jpg
3939;56546.jpg
3940;97716.jpg
3941;18595.jpg
3942;33693.jpg
3943;43438.jpg
3944;31356.jpg
3945;79041.jpg
3946;83749.jpg
3947;76860.jpg
3948;11057.jpg
3949;91711.jpg
3950;11158.jpg
3951;73268.jpg
3952;77168.jpg
3953;63952.jpg
3954;91210.jpg
3955;44665.jpg
3956;43140.jpg
3957;80782.jpg
3958;73714.jpg
3959;12341.jpg
3960;57596.jpg
3961;39583.jpg
3962;77474.jpg
3963;59479.jpg
3964;96713.jpg
3965;67828.jpg
3966;2927.jpg
3967;14658.jpg
3968;60693.jpg
3969;89530.jpg
3970;34272.jpg
3971;56509.jpg
3972;14381.jpg
3973;91474.jpg
3974;66779.jpg
3975;91479.jpg
3976;52905.jpg
3977;49887.jpg
3978;21167.jpg
3979;3668.jpg
3980;73044.jpg
3981;5586.jpg
3982;25906.jpg
3983;58256.jpg
3984;44799.jpg
3985;9783.jpg
3986;88868.jpg
3987;40985.jpg
3988;19152.jpg
3989;33112.jpg
3990;12684.jpg
3991;63927.jpg
3992;36661.jpg
3993;82570.jpg
3994;8160.jpg
3995;30978.jpg
3996;62546.jpg
3997;59432.jpg
3998;90718.jpg
3999;53108.jpg
4000;63813.jpg
4001;36341.jpg
4002;12227.jpg
4003;11880.jpg
4004;34036.jpg
4005;100175.jpg
4006;39429.jpg
4007;61913.jpg
4008;74988.jpg
4009;16828.jpg
4010;48446.jpg
4011;62763.jpg
4012;25276.jpg
4013;7719.jpg
4014;34305.jpg
4015;100626.jpg
4016;92550.jpg
4017;9607.jpg
4018;42412.jpg
4019;86959.jpg
4020;17272.jpg
4021;21350.jpg
4022;9062.jpg
4023;46820.jpg
4024;89981.jpg
4025;32709.jpg
4026;72710.jpg
4027;70878.jpg
4028;72252.jpg
4029;44453.jpg
4030;20744.jpg
4031;8734.jpg
4032;39399.jpg
4033;10947.jpg
4034;80083.jpg
4035;33977.jpg
4036;7940.jpg
4037;99805.jpg
4038;86614.jpg
4039;52699.jpg
4040;17357.jpg
4041;89524.jpg
4042;72522.jpg
4043;38073.jpg
4044;102070.jpg
4045;99270.jpg
4046;7892.jpg
4047;84636.jpg
4048;72343.jpg
4049;62387.jpg
4050;51487.jpg
4051;17563.jpg
4052;23119.jpg
4053;4402.jpg
4054;90649.jpg
4055;62181.jpg
4056;69588.jpg
4057;70269.jpg
4058;41576.jpg
4059;89588.jpg
4060;55587.jpg
4061;81239.jpg
4062;31310.jpg
4063;36676.jpg
4064;76690.jpg
4065;39130.jpg
4066;14252.jpg
4067;55788.jpg
4068;55231.jpg
4069;25392.jpg
4070;23248.jpg
4071;102173.jpg
4072;53306.jpg
4073;83960.jpg
4074;17760.jpg
4075;83754.jpg
4076;18025.jpg
4077;34968.jpg
4078;69734.jpg
4079;23696.jpg
4080;92341.jpg
4081;18368.jpg
4082;56473.jpg
4083;18066.jpg
4084;85572.jpg
4085;48550.jpg
4086;78436.jpg
4087;76210.jpg
4088;549.jpg
4089;101632.jpg
4090;71965.jpg
4091;22725.jpg
4092;37644.jpg
4093;63640.jpg
4094;47000.jpg
4095;6004.jpg
4096;8293.jpg
4097;95535.jpg
4098;100432.jpg
4099;53455.jpg
4100;4925.jpg
4101;69865.jpg
4102;53950.jpg
4103;47545.jpg
4104;30921.jpg
4105;53080.jpg
4106;41561.jpg
4107;57597.jpg
4108;22486.jpg
4109;73765.jpg
4110;103204.jpg
4111;57786.jpg
4112;41502.jpg
4113;78621.jpg
4114;47872.jpg
4115;72585.jpg
4116;66207.jpg
4117;55501.jpg
4118;62780.jpg
4119;47642.jpg
4120;77817.jpg
4121;36659.jpg
4122;82585.jpg
4123;69601.jpg
4124;56594.jpg
4125;84990.jpg
4126;79312.jpg
4127;24512.jpg
4128;20857.jpg
4129;3226.jpg
4130;49534.jpg
4131;61964.jpg
4132;76264.jpg
4133;28319.jpg
4134;71956.jpg
4135;86293.jpg
4136;66764.jpg
4137;58555.jpg
4138;6720.jpg
4139;28443.jpg
4140;91405.jpg
4141;43847.jpg
4142;8644.jpg
4143;84730.jpg
4144;31230.jpg
4145;46466.jpg
4146;44341.jpg
4147;101489.jpg
4148;82245.jpg
4149;95326.jpg
4150;55672.jpg
4151;1146.jpg
4152;77610.jpg
4153;92728.jpg
4154;26073.jpg
4155;50265.jpg
4156;69959.jpg
4157;6749.jpg
4158;10181.jpg
4159;63006.jpg
4160;30766.jpg
4161;40607.jpg
4162;9730.jpg
4163;61967.jpg
4164;89240.jpg
4165;68908.jpg
4166;26145.jpg
4167;31625.jpg
4168;85110.jpg
4169;61438.jpg
4170;54585.jpg
4171;96236.jpg
4172;93381.jpg
4173;7635.jpg
4174;31535.jpg
4175;86019.jpg
4176;74249.jpg
4177;97793.jpg
4178;56243.jpg
4179;4635.jpg
4180;53271.jpg
4181;84609.jpg
4182;55158.jpg
4183;45673.jpg
4184;37230.jpg
4185;39430.jpg
4186;45487.jpg
4187;8923.jpg
4188;31211.jpg
4189;22051.jpg
4190;10344.jpg
4191;75000.jpg
4192;82920.jpg
4193;83515.jpg
4194;2129.jpg
4195;28123.jpg
4196;94641.jpg
4197;87652.jpg
4198;34717.jpg
4199;100986.jpg
4200;78446.jpg
4201;35384.jpg
4202;98715.jpg
4203;14194.jpg
4204;45688.jpg
4205;49064.jpg
4206;32824.jpg
4207;61188.jpg
4208;48355.jpg
4209;79891.jpg
4210;47250.jpg
4211;61156.jpg
4212;46380.jpg
4213;35322.jpg
4214;99867.jpg
4215;36985.jpg
4216;27058.jpg
4217;18704.jpg
4218;2041.jpg
4219;8628.jpg
4220;67218.jpg
4221;79141.jpg
4222;78172.jpg
4223;16519.jpg
4224;39456.jpg
4225;16293.jpg
4226;64436.jpg
4227;49762.jpg
4228;16161.jpg
4229;67322.jpg
4230;52914.jpg
4231;49125.jpg
4232;8031.jpg
4233;18257.jpg
4234;40942.jpg
4235;69248.jpg
4236;34905.jpg
4237;35382.jpg
4238;103059.jpg
4239;56253.jpg
4240;86732.jpg
4241;61820.jpg
4242;65662.jpg
4243;23535.jpg
4244;100883.jpg
4245;8300.jpg
4246;61805.jpg
4247;67315.jpg
4248;90264.jpg
4249;1192.jpg
4250;32013.jpg
4251;27429.jpg
4252;65163.jpg
4253;44528.jpg
4254;83832.jpg
4255;17961.jpg
4256;63692.jpg
4257;58116.jpg
4258;96341.jpg
4259;42358.jpg
4260;39040.jpg
4261;31046.jpg
4262;20955.jpg
4263;4920.jpg
4264;27749.jpg
4265;80219.jpg
4266;100635.jpg
4267;98202.jpg
4268;10850.jpg
4269;9315.jpg
4270;71976.jpg
4271;60845.jpg
4272;91470.jpg
4273;25939.jpg
4274;9710.jpg
4275;31779.jpg
4276;15873.jpg
4277;14920.jpg
4278;51519.jpg
4279;23905.jpg
4280;14021.jpg
4281;97278.jpg
4282;14261.jpg
4283;25882.jpg
4284;82687.jpg
4285;20551.jpg
4286;100431.jpg
4287;46445.jpg
4288;56930.jpg
4289;12232.jpg
4290;43455.jpg
4291;67381.jpg
4292;70609.jpg
4293;1246.jpg
4294;47675.jpg
4295;43573.jpg
4296;7728.jpg
4297;79125.jpg
4298;26527.jpg
4299;17229.jpg
4300;35597.jpg
4301;101062.jpg
4302;11625.jpg
4303;19394.jpg
4304;61851.jpg
4305;51276.jpg
4306;26065.jpg
4307;59566.jpg
4308;2368.jpg
4309;55838.jpg
4310;103009.jpg
4311;50469.jpg
4312;23777.jpg
4313;71214.jpg
4314;32968.jpg
4315;96502.jpg
4316;16361.jpg
4317;43690.jpg
4318;72446.jpg
4319;54313.jpg
4320;85065.jpg
4321;101542.jpg
4322;102570.jpg
4323;80884.jpg
4324;76915.jpg
4325;49807.jpg
4326;36019.jpg
4327;15707.jpg
4328;42513.jpg
4329;59768.jpg
4330;30984.jpg
4331;83328.jpg
4332;4301.jpg
4333;20086.jpg
4334;62075.jpg
4335;96153.jpg
4336;40080.jpg
4337;37096.jpg
4338;32304.jpg
4339;93000.jpg
4340;68436.jpg
4341;74459.jpg
4342;8627.jpg
4343;48684.jpg
4344;25854.jpg
4345;82225.jpg
4346;87615.jpg
4347;12307.jpg
4348;51412.jpg
4349;50504.jpg
4350;2675.jpg
4351;88534.jpg
4352;62228.jpg
4353;38862.jpg
4354;6555.jpg
4355;65804.jpg
4356;18998.jpg
4357;85991.jpg
4358;81903.jpg
4359;28792.jpg
4360;11317.jpg
4361;78236.jpg
4362;22178.jpg
4363;31634.jpg
4364;92259.jpg
4365;87481.jpg
4366;3209.jpg
4367;16975.jpg
4368;35745.jpg
4369;85132.jpg
4370;72771.jpg
4371;1339.jpg
4372;33822.jpg
4373;77468.jpg
4374;86660.jpg
4375;8937.jpg
4376;73709.jpg
4377;43290.jpg
4378;61325.jpg
4379;33566.jpg
4380;42568.jpg
4381;60785.jpg
4382;90874.jpg
4383;58431.jpg
4384;24953.jpg
4385;19015.jpg
4386;94149.jpg
4387;53215.jpg
4388;77860.jpg
4389;64606.jpg
4390;56031.jpg
4391;102649.jpg
4392;101403.jpg
4393;74080.jpg
4394;21975.jpg
4395;69968.jpg
4396;79478.jpg
4397;79964.jpg
4398;65796.jpg
4399;17662.jpg
4400;54508.jpg
4401;21334.jpg
4402;69607.jpg
4403;15060.jpg
4404;40333.jpg
4405;102164.jpg
4406;34522.jpg
4407;87186.jpg
4408;48669.jpg
4409;68827.jpg
4410;75498.jpg
4411;59580.jpg
4412;94213.jpg
4413;63686.jpg
4414;56221.jpg
4415;10830.jpg
4416;569.jpg
4417;28926.jpg
4418;41984.jpg
4419;62397.jpg
4420;27065.jpg
4421;57068.jpg
4422;38865.jpg
4423;22808.jpg
4424;43612.jpg
4425;16206.jpg
4426;61187.jpg
4427;6522.jpg
4428;50954.jpg
4429;99606.jpg
4430;82535.jpg
4431;40011.jpg
4432;76220.jpg
4433;53299.jpg
4434;28651.jpg
4435;40646.jpg
4436;69768.jpg
4437;100365.jpg
4438;97054.jpg
4439;11282.jpg
4440;26310.jpg
4441;6110.jpg
4442;43081.jpg
4443;34597.jpg
4444;41582.jpg
4445;73903.jpg
4446;32123.jpg
4447;50689.jpg
4448;1132.jpg
4449;40784.jpg
4450;35951.jpg
4451;50119.jpg
4452;57178.jpg
4453;7138.jpg
4454;80484.jpg
4455;7708.jpg
4456;98122.jpg
4457;4481.jpg
4458;4822.jpg
4459;66758.jpg
4460;60391.jpg
4461;29841.jpg
4462;26002.jpg
4463;62700.jpg
4464;33314.jpg
4465;17004.jpg
4466;70889.jpg
4467;47888.jpg
4468;28877.jpg
4469;36126.jpg
4470;74798.jpg
4471;69826.jpg
4472;75369.jpg
4473;53234.jpg
4474;2679.jpg
4475;54000.jpg
4476;64574.jpg
4477;3411.jpg
4478;39116.jpg
4479;85224.jpg
4480;41640.jpg
4481;54146.jpg
4482;5093.jpg
4483;52366.jpg
4484;60842.jpg
4485;68771.jpg
4486;23468.jpg
4487;1674.jpg
4488;11567.jpg
4489;63004.jpg
4490;35561.jpg
4491;65215.jpg
4492;58124.jpg
4493;43548.jpg
4494;32408.jpg
4495;10922.jpg
4496;53334.jpg
4497;82786.jpg
4498;26367.jpg
4499;85505.jpg
4500;76256.jpg
4501;12284.jpg
4502;82156.jpg
4503;89775.jpg
4504;53991.jpg
4505;81714.jpg
4506;74621.jpg
4507;32209.jpg
4508;10149.jpg
4509;79753.jpg
4510;72558.jpg
4511;91768.jpg
4512;9996.jpg
4513;47901.jpg
4514;41035.jpg
4515;72833.jpg
4516;75669.jpg
4517;37869.jpg
4518;44697.jpg
4519;8866.jpg
4520;53867.jpg
4521;53880.jpg
4522;42153.jpg
4523;97395.jpg
4524;33082.jpg
4525;41807.jpg
4526;29172.jpg
4527;71824.jpg
4528;38646.jpg
4529;53230.jpg
4530;97300.jpg
4531;21393.jpg
4532;83311.jpg
4533;59944.jpg
4534;43149.jpg
4535;81486.jpg
4536;77317.jpg
4537;59227.jpg
4538;620.jpg
4539;72018.jpg
4540;91986.jpg
4541;25507.jpg
4542;101085.jpg
4543;10543.jpg
4544;35383.jpg
4545;62604.jpg
4546;35732.jpg
4547;94577.jpg
4548;20739.jpg
4549;82155.jpg
4550;18623.jpg
4551;88242.jpg
4552;20877.jpg
4553;50272.jpg
4554;52405.jpg
4555;45401.jpg
4556;78460.jpg
4557;24873.jpg
4558;33900.jpg
4559;4790.jpg
4560;38799.jpg
4561;81980.jpg
4562;90717.jpg
4563;4375.jpg
4564;91430.jpg
4565;92115.jpg
4566;83038.jpg
4567;17037.jpg
4568;35356.jpg
4569;80406.jpg
4570;60355.jpg
4571;50061.jpg
4572;88226.jpg
4573;101581.jpg
4574;97757.jpg
4575;5807.jpg
4576;94505.jpg
4577;92518.jpg
4578;44051.jpg
4579;77246.jpg
4580;1952.jpg
4581;7242.jpg
4582;1665.jpg
4583;78545.jpg
4584;88821.jpg
4585;62098.jpg
4586;34248.jpg
4587;40020.jpg
4588;3986.jpg
4589;36528.jpg
4590;56371.jpg
4591;16955.jpg
4592;8041.jpg
4593;33519.jpg
4594;78104.jpg
4595;96933.jpg
4596;45936.jpg
4597;62848.jpg
4598;7130.jpg
4599;23104.jpg
4600;79329.jpg
4601;5971.jpg
4602;21702.jpg
4603;60814.jpg
4604;35391.jpg
4605;30547.jpg
4606;53651.jpg
4607;10606.jpg
4608;65206.jpg
4609;20987.jpg
4610;35556.jpg
4611;36908.jpg
4612;98897.jpg
4613;86421.jpg
4614;22805.jpg
4615;52938.jpg
4616;41568.jpg
4617;28168.jpg
4618;19961.jpg
4619;4753.jpg
4620;76453.jpg
4621;82014.jpg
4622;31734.jpg
4623;72336.jpg
4624;75350.jpg
4625;12864.jpg
4626;18068.jpg
4627;46865.jpg
4628;82227.jpg
4629;29750.jpg
4630;32743.jpg
4631;73423.jpg
4632;89603.jpg
4633;59536.jpg
4634;57903.jpg
4635;79642.jpg
4636;55146.jpg
4637;43825.jpg
4638;94613.jpg
4639;9642.jpg
4640;100062.jpg
4641;39244.jpg
4642;12096.jpg
4643;2444.jpg
4644;86079.jpg
4645;41446.jpg
4646;54738.jpg
4647;38060.jpg
4648;38268.jpg
4649;97900.jpg
4650;66272.jpg
4651;85972.jpg
4652;47443.jpg
4653;73521.jpg
4654;19724.jpg
4655;49334.jpg
4656;93827.jpg
4657;46388.jpg
4658;50143.jpg
4659;93304.jpg
4660;77443.jpg
4661;74231.jpg
4662;54604.jpg
4663;85394.jpg
4664;1315.jpg
4665;87145.jpg
4666;23711.jpg
4667;9680.jpg
4668;100947.jpg
4669;69050.jpg
4670;99543.jpg
4671;20594.jpg
4672;27505.jpg
4673;99591.jpg
4674;23661.jpg
4675;19802.jpg
4676;32169.jpg
4677;26351.jpg
4678;63379.jpg
4679;18775.jpg
4680;3501.jpg
4681;70743.jpg
4682;63422.jpg
4683;23164.jpg
4684;15346.jpg
4685;37182.jpg
4686;3663.jpg
4687;28577.jpg
4688;68541.jpg
4689;57519.jpg
4690;28114.jpg
4691;76793.jpg
4692;13343.jpg
4693;83574.jpg
4694;73269.jpg
4695;33200.jpg
4696;62967.jpg
4697;100602.jpg
4698;68274.jpg
4699;32174.jpg
4700;26604.jpg
4701;91862.jpg
4702;82260.jpg
4703;98328.jpg
4704;25417.jpg
4705;49111.jpg
4706;79040.jpg
4707;70295.jpg
4708;20290.jpg
4709;17184.jpg
4710;85139.jpg
4711;26991.jpg
4712;23257.jpg
4713;30925.jpg
4714;7509.jpg
4715;21516.jpg
4716;64279.jpg
4717;53358.jpg
4718;92055.jpg
4719;77931.jpg
4720;48284.jpg
4721;78305.jpg
4722;3139.jpg
4723;91520.jpg
4724;22145.jpg
4725;79152.jpg
4726;44350.jpg
4727;79261.jpg
4728;24203.jpg
4729;46333.jpg
4730;74831.jpg
4731;36867.jpg
4732;60384.jpg
4733;74813.jpg
4734;85711.jpg
4735;25211.jpg
4736;77346.jpg
4737;12765.jpg
4738;3312.jpg
4739;74151.jpg
4740;32684.jpg
4741;41217.jpg
4742;86932.jpg
4743;8894.jpg
4744;26447.jpg
4745;28830.jpg
4746;60570.jpg
4747;59866.jpg
4748;38002.jpg
4749;33408.jpg
4750;19526.jpg
4751;4056.jpg
4752;42060.jpg
4753;100955.jpg
4754;65419.jpg
4755;24661.jpg
4756;17997.jpg
4757;93311.jpg
4758;32790.jpg
4759;6781.jpg
4760;48185.jpg
4761;2774.jpg
4762;54348.jpg
4763;17092.jpg
4764;97047.jpg
4765;67581.jpg
4766;16439.jpg
4767;4429.jpg
4768;9977.jpg
4769;25725.jpg
4770;39462.jpg
4771;60019.jpg
4772;30526.jpg
4773;2673.jpg
4774;94806.jpg
4775;54073.jpg
4776;20928.jpg
4777;4156.jpg
4778;94176.jpg
4779;89767.jpg
4780;61185.jpg
4781;35689.jpg
4782;8886.jpg
4783;58696.jpg
4784;44300.jpg
4785;967.jpg
4786;94556.jpg
4787;79904.jpg
4788;1633.jpg
4789;2275.jpg
4790;33861.jpg
4791;90723.jpg
4792;79865.jpg
4793;101793.jpg
4794;21995.jpg
4795;12672.jpg
4796;56440.jpg
4797;101730.jpg
4798;62239.jpg
4799;69118.jpg
4800;100703.jpg
4801;48003.jpg
4802;48130.jpg
4803;31506.jpg
4804;78648.jpg
4805;32720.jpg
4806;75210.jpg
4807;22113.jpg
4808;66861.jpg
4809;27729.jpg
4810;34144.jpg
4811;17335.jpg
4812;45347.jpg
4813;57783.jpg
4814;60615.jpg
4815;41033.jpg
4816;15954.jpg
4817;49494.jpg
4818;9574.jpg
4819;20931.jpg
4820;50730.jpg
4821;57240.jpg
4822;51510.jpg
4823;98378.jpg
4824;11547.jpg
4825;72784.jpg
4826;3277.jpg
4827;84993.jpg
4828;86885.jpg
4829;57157.jpg
4830;16044.jpg
4831;59858.jpg
4832;102604.jpg
4833;6772.jpg
4834;94962.jpg
4835;67974.jpg
4836;5152.jpg
4837;29942.jpg
4838;74145.jpg
4839;9664.jpg
4840;60668.jpg
4841;14568.jpg
4842;73491.jpg
4843;51166.jpg
4844;82673.jpg
4845;32003.jpg
4846;69622.jpg
4847;11311.jpg
4848;102574.jpg
4849;71948.jpg
4850;72378.jpg
4851;91498.jpg
4852;65373.jpg
4853;82615.jpg
4854;27987.jpg
4855;90030.jpg
4856;65691.jpg
4857;86434.jpg
4858;93152.jpg
4859;38701.jpg
4860;11169.jpg
4861;33572.jpg
4862;29405.jpg
4863;5264.jpg
4864;8483.jpg
4865;29382.jpg
4866;93493.jpg
4867;26804.jpg
4868;24836.jpg
4869;43948.jpg
4870;80531.jpg
4871;56824.jpg
4872;49736.jpg
4873;58922.jpg
4874;62243.jpg
4875;24804.jpg
4876;44330.jpg
4877;86090.jpg
4878;25271.jpg
4879;61362.jpg
4880;85356.jpg
4881;91018.jpg
4882;67550.jpg
4883;98741.jpg
4884;55933.jpg
4885;58089.jpg
4886;4666.jpg
4887;42875.jpg
4888;85669.jpg
4889;6471.jpg
4890;43639.jpg
4891;52854.jpg
4892;41878.jpg
4893;81225.jpg
4894;37220.jpg
4895;73631.jpg
4896;24005.jpg
4897;55390.jpg
4898;84773.jpg
4899;66776.jpg
4900;15066.jpg
4901;14308.jpg
4902;15250.jpg
4903;33675.jpg
4904;101992.jpg
4905;90151.jpg
4906;15224.jpg
4907;97132.jpg
4908;47346.jpg
4909;58335.jpg
4910;53693.jpg
4911;28420.jpg
4912;98707.jpg
4913;34669.jpg
4914;52244.jpg
4915;91366.jpg
4916;2552.jpg
4917;78049.jpg
4918;52586.jpg
4919;101143.jpg
4920;60771.jpg
4921;91453.jpg
4922;59334.jpg
4923;86531.jpg
4924;99080.jpg
4925;48055.jpg
4926;39274.jpg
4927;100681.jpg
4928;52187.jpg
4929;48715.jpg
4930;56910.jpg
4931;47092.jpg
4932;89310.jpg
4933;88734.jpg
4934;90403.jpg
4935;995.jpg
4936;69251.jpg
4937;5247.jpg
4938;18062.jpg
4939;19498.jpg
4940;87800.jpg
4941;43468.jpg
4942;34046.jpg
4943;35218.jpg
4944;39817.jpg
4945;8788.jpg
4946;94999.jpg
4947;55719.jpg
4948;70936.jpg
4949;27259.jpg
4950;24785.jpg
4951;49477.jpg
4952;66993.jpg
4953;103037.jpg
4954;42925.jpg
4955;82853.jpg
4956;32463.jpg
4957;44420.jpg
4958;48171.jpg
4959;42905.jpg
4960;92228.jpg
4961;101811.jpg
4962;9374.jpg
4963;28258.jpg
4964;10905.jpg
4965;69339.jpg
4966;70348.jpg
4967;27444.jpg
4968;27924.jpg
4969;22895.jpg
4970;84164.jpg
4971;91212.jpg
4972;99274.jpg
4973;6138.jpg
4974;26510.jpg
4975;71936.jpg
4976;26122.jpg
4977;12486.jpg
4978;83103.jpg
4979;84963.jpg
4980;22844.jpg
4981;41428.jpg
4982;14343.jpg
4983;81701.jpg
4984;48751.jpg
4985;71529.jpg
4986;59115.jpg
4987;86884.jpg
4988;15560.jpg
4989;86883.jpg
4990;48068.jpg
4991;8605.jpg
4992;13968.jpg
4993;26459.jpg
4994;2700.jpg
4995;88650.jpg
4996;53622.jpg
4997;82760.jpg
4998;20427.jpg
4999;54568.jpg
5000;70843.jpg
5001;73549.jpg
5002;86256.jpg
5003;80174.jpg
5004;29209.jpg
5005;6037.jpg
5006;85128.jpg
5007;63141.jpg
5008;6221.jpg
5009;72165.jpg
5010;28708.jpg
5011;99139.jpg
5012;7298.jpg
5013;18362.jpg
5014;70926.jpg
5015;4287.jpg
5016;76153.jpg
5017;97311.jpg
5018;51477.jpg
5019;31154.jpg
5020;56342.jpg
5021;70709.jpg
5022;98324.jpg
5023;4775.jpg
5024;87234.jpg
5025;38287.jpg
5026;9271.jpg
5027;91627.jpg
5028;91439.jpg
5029;12253.jpg
5030;58451.jpg
5031;8535.jpg
5032;91624.jpg
5033;103127.jpg
5034;46241.jpg
5035;27261.jpg
5036;41096.jpg
5037;5274.jpg
5038;66599.jpg
5039;44936.jpg
5040;85576.jpg
5041;50627.jpg
5042;73530.jpg
5043;45701.jpg
5044;21830.jpg
5045;55371.jpg
5046;97740.jpg
5047;26497.jpg
5048;54302.jpg
5049;89089.jpg
5050;78388.jpg
5051;17986.jpg
5052;64084.jpg
5053;87348.jpg
5054;51935.jpg
5055;82318.jpg
5056;51955.jpg
5057;59465.jpg
5058;35618.jpg
5059;44698.jpg
5060;75341.jpg
5061;33585.jpg
5062;64320.jpg
5063;7162.jpg
5064;44803.jpg
5065;51376.jpg
5066;24738.jpg
5067;96541.jpg
5068;82591.jpg
5069;46034.jpg
5070;37233.jpg
5071;70404.jpg
5072;30752.jpg
5073;57048.jpg
5074;88563.jpg
5075;36866.jpg
5076;93327.jpg
5077;85086.jpg
5078;102531.jpg
5079;37201.jpg
5080;38894.jpg
5081;91763.jpg
5082;14375.jpg
5083;101024.jpg
5084;63896.jpg
5085;29481.jpg
5086;14197.jpg
5087;88581.jpg
5088;93504.jpg
5089;53018.jpg
5090;41117.jpg
5091;6133.jpg
5092;14258.jpg
5093;34588.jpg
5094;28374.jpg
5095;58291.jpg
5096;5907.jpg
5097;90012.jpg
5098;44103.jpg
5099;17041.jpg
5100;12509.jpg
5101;75943.jpg
5102;79006.jpg
5103;68711.jpg
5104;8727.jpg
5105;99624.jpg
5106;3820.jpg
5107;48526.jpg
5108;60331.jpg
5109;9325.jpg
5110;1566.jpg
5111;92063.jpg
5112;14174.jpg
5113;58755.jpg
5114;74611.jpg
5115;8594.jpg
5116;41586.jpg
5117;65725.jpg
5118;56567.jpg
5119;44733.jpg
5120;18176.jpg
5121;91362.jpg
5122;22239.jpg
5123;73261.jpg
5124;54113.jpg
5125;11095.jpg
5126;102908.jpg
5127;50783.jpg
5128;55665.jpg
5129;3800.jpg
5130;4439.jpg
5131;4204.jpg
5132;20136.jpg
5133;5723.jpg
5134;68487.jpg
5135;34787.jpg
5136;51216.jpg
5137;25808.jpg
5138;82277.jpg
5139;39395.jpg
5140;47261.jpg
5141;90445.jpg
5142;54976.jpg
5143;85522.jpg
5144;54367.jpg
5145;34111.jpg
5146;42530.jpg
5147;89239.jpg
5148;73810.jpg
5149;46294.jpg
5150;58077.jpg
5151;1861.jpg
5152;43501.jpg
5153;3735.jpg
5154;52569.jpg
5155;89808.jpg
5156;16771.jpg
5157;19137.jpg
5158;83473.jpg
5159;100694.jpg
5160;22229.jpg
5161;78282.jpg
5162;2401.jpg
5163;18947.jpg
5164;90705.jpg
5165;9044.jpg
5166;4999.jpg
5167;65735.jpg
5168;93758.jpg
5169;76250.jpg
5170;69913.jpg
5171;5746.jpg
5172;28289.jpg
5173;37052.jpg
5174;47598.jpg
5175;40325.jpg
5176;41318.jpg
5177;20919.jpg
5178;20738.jpg
5179;52930.jpg
5180;79104.jpg
5181;101545.jpg
5182;29851.jpg
5183;97040.jpg
5184;70071.jpg
5185;49578.jpg
5186;33198.jpg
5187;11401.jpg
5188;44123.jpg
5189;73850.jpg
5190;52816.jpg
5191;91811.jpg
5192;75107.jpg
5193;4657.jpg
5194;45635.jpg
5195;45592.jpg
5196;93783.jpg
5197;66588.jpg
5198;13900.jpg
5199;84036.jpg
5200;37805.jpg
5201;23528.jpg
5202;69718.jpg
5203;60973.jpg
5204;50216.jpg
5205;12583.jpg
5206;102234.jpg
5207;35824.jpg
5208;67487.jpg
5209;94156.jpg
5210;64800.jpg
5211;37168.jpg
5212;51568.jpg
5213;83280.jpg
5214;56802.jpg
5215;54498.jpg
5216;4717.jpg
5217;26904.jpg
5218;87283.jpg
5219;39605.jpg
5220;45186.jpg
5221;16539.jpg
5222;78896.jpg
5223;78155.jpg
5224;52434.jpg
5225;27482.jpg
5226;29879.jpg
5227;62112.jpg
5228;99945.jpg
5229;98438.jpg
5230;11220.jpg
5231;40963.jpg
5232;43848.jpg
5233;67891.jpg
5234;93769.jpg
5235;27946.jpg
5236;28338.jpg
5237;99168.jpg
5238;76940.jpg
5239;45842.jpg
5240;81699.jpg
5241;94154.jpg
5242;80374.jpg
5243;80644.jpg
5244;69268.jpg
5245;65836.jpg
5246;77770.jpg
5247;74953.jpg
5248;64529.jpg
5249;345.jpg
5250;77010.jpg
5251;18754.jpg
5252;80004.jpg
5253;21556.jpg
5254;2236.jpg
5255;21146.jpg
5256;26207.jpg
5257;37462.jpg
5258;16123.jpg
5259;80131.jpg
5260;68465.jpg
5261;13842.jpg
5262;12734.jpg
5263;53206.jpg
5264;78601.jpg
5265;32063.jpg
5266;5030.jpg
5267;82135.jpg
5268;23427.jpg
5269;7027.jpg
5270;42494.jpg
5271;12478.jpg
5272;89696.jpg
5273;17021.jpg
5274;53163.jpg
5275;89534.jpg
5276;16411.jpg
5277;77300.jpg
5278;88167.jpg
5279;37134.jpg
5280;22249.jpg
5281;90011.jpg
5282;52590.jpg
5283;82485.jpg
5284;18211.jpg
5285;63522.jpg
5286;9093.jpg
5287;75659.jpg
5288;51752.jpg
5289;28966.jpg
5290;51824.jpg
5291;20225.jpg
5292;9185.jpg
5293;35157.jpg
5294;7835.jpg
5295;102364.jpg
5296;46509.jpg
5297;65138.jpg
5298;16401.jpg
5299;21224.jpg
5300;68243.jpg
5301;75503.jpg
5302;2939.jpg
5303;17766.jpg
5304;94439.jpg
5305;95932.jpg
5306;47452.jpg
5307;66255.jpg
5308;24674.jpg
5309;33575.jpg
5310;51741.jpg
5311;405.jpg
5312;15089.jpg
5313;80451.jpg
5314;62338.jpg
5315;60923.jpg
5316;36504.jpg
5317;24778.jpg
5318;96472.jpg
5319;40971.jpg
5320;100559.jpg
5321;91360.jpg
5322;3917.jpg
5323;84439.jpg
5324;79730.jpg
5325;10674.jpg
5326;50055.jpg
5327;82374.jpg
5328;26841.jpg
5329;41258.jpg
5330;89563.jpg
5331;75209.jpg
5332;88932.jpg
5333;101206.jpg
5334;67752.jpg
5335;13261.jpg
5336;20872.jpg
5337;103120.jpg
5338;37553.jpg
5339;76611.jpg
5340;8497.jpg
5341;16059.jpg
5342;34852.jpg
5343;24710.jpg
5344;17090.jpg
5345;57920.jpg
5346;91289.jpg
5347;75001.jpg
5348;100387.jpg
5349;90955.jpg
5350;37270.jpg
5351;26952.jpg
5352;47224.jpg
5353;16756.jpg
5354;49225.jpg
5355;27911.jpg
5356;59690.jpg
5357;11679.jpg
5358;66807.jpg
5359;63868.jpg
5360;6956.jpg
5361;88165.jpg
5362;39464.jpg
5363;85338.jpg
5364;30238.jpg
5365;71918.jpg
5366;86831.jpg
5367;59395.jpg
5368;3647.jpg
5369;43982.jpg
5370;72482.jpg
5371;21823.jpg
5372;6854.jpg
5373;94919.jpg
5374;22659.jpg
5375;73515.jpg
5376;46673.jpg
5377;84147.jpg
5378;63494.jpg
5379;51120.jpg
5380;35706.jpg
5381;10630.jpg
5382;98316.jpg
5383;43888.jpg
5384;13446.jpg
5385;62105.jpg
5386;80135.jpg
5387;56249.jpg
5388;64138.jpg
5389;95830.jpg
5390;25989.jpg
5391;12214.jpg
5392;69708.jpg
5393;48453.jpg
5394;59668.jpg
5395;90137.jpg
5396;11417.jpg
5397;35603.jpg
5398;48149.jpg
5399;22198.jpg
5400;29106.jpg
5401;36984.jpg
5402;68252.jpg
5403;50036.jpg
5404;100294.jpg
5405;93547.jpg
5406;101154.jpg
5407;63011.jpg
5408;86739.jpg
5409;13210.jpg
5410;72664.jpg
5411;72057.jpg
5412;62116.jpg
5413;69432.jpg
5414;45526.jpg
5415;21524.jpg
5416;97428.jpg
5417;45438.jpg
5418;54845.jpg
5419;59280.jpg
5420;53357.jpg
5421;75630.jpg
5422;69702.jpg
5423;70282.jpg
5424;79591.jpg
5425;71715.jpg
5426;33620.jpg
5427;38917.jpg
5428;5743.jpg
5429;55465.jpg
5430;77771.jpg
5431;69646.jpg
5432;62607.jpg
5433;53735.jpg
5434;1521.jpg
5435;46266.jpg
5436;21656.jpg
5437;32620.jpg
5438;51193.jpg
5439;81818.jpg
5440;76501.jpg
5441;17243.jpg
5442;26023.jpg
5443;2302.jpg
5444;83525.jpg
5445;52293.jpg
5446;98278.jpg
5447;36951.jpg
5448;47836.jpg
5449;42168.jpg
5450;43315.jpg
5451;68479.jpg
5452;80214.jpg
5453;67172.jpg
5454;64641.jpg
5455;27786.jpg
5456;46719.jpg
5457;102150.jpg
5458;16416.jpg
5459;86475.jpg
5460;70051.jpg
5461;29051.jpg
5462;15068.jpg
5463;19598.jpg
5464;7825.jpg
5465;19509.jpg
5466;27722.jpg
5467;1187.jpg
5468;56838.jpg
5469;102051.jpg
5470;27019.jpg
5471;22489.jpg
5472;58104.jpg
5473;906.jpg
5474;38783.jpg
5475;20436.jpg
5476;21142.jpg
5477;3278.jpg
5478;13535.jpg
5479;3838.jpg
5480;23558.jpg
5481;68665.jpg
5482;79230.jpg
5483;88211.jpg
5484;16950.jpg
5485;14782.jpg
5486;16622.jpg
5487;26507.jpg
5488;35496.jpg
5489;78897.jpg
5490;70294.jpg
5491;61047.jpg
5492;69187.jpg
5493;54578.jpg
5494;1373.jpg
5495;37834.jpg
5496;93882.jpg
5497;11510.jpg
5498;100786.jpg
5499;63942.jpg
5500;10367.jpg
5501;76235.jpg
5502;46104.jpg
5503;24277.jpg
5504;83138.jpg
5505;52463.jpg
5506;5911.jpg
5507;59238.jpg
5508;27443.jpg
5509;7084.jpg
5510;47120.jpg
5511;13761.jpg
5512;59712.jpg
5513;92013.jpg
5514;57084.jpg
5515;38931.jpg
5516;85830.jpg
5517;78198.jpg
5518;47894.jpg
5519;101242.jpg
5520;72028.jpg
5521;33193.jpg
5522;25747.jpg
5523;96908.jpg
5524;65626.jpg
5525;16279.jpg
5526;9216.jpg
5527;52289.jpg
5528;76416.jpg
5529;2396.jpg
5530;75925.jpg
5531;97150.jpg
5532;79554.jpg
5533;8707.jpg
5534;2474.jpg
5535;41538.jpg
5536;15436.jpg
5537;51265.jpg
5538;11524.jpg
5539;95128.jpg
5540;12832.jpg
5541;100854.jpg
5542;40231.jpg
5543;68259.jpg
5544;44167.jpg
5545;98219.jpg
5546;90026.jpg
5547;96456.jpg
5548;47391.jpg
5549;38471.jpg
5550;94973.jpg
5551;46879.jpg
5552;15968.jpg
5553;71177.jpg
5554;17492.jpg
5555;62961.jpg
5556;21199.jpg
5557;55969.jpg
5558;74637.jpg
5559;50778.jpg
5560;80079.jpg
5561;31359.jpg
5562;20926.jpg
5563;67436.jpg
5564;23140.jpg
5565;75150.jpg
5566;52105.jpg
5567;8792.jpg
5568;56918.jpg
5569;72832.jpg
5570;65161.jpg
5571;91698.jpg
5572;31192.jpg
5573;97991.jpg
5574;34608.jpg
5575;48405.jpg
5576;28218.jpg
5577;50488.jpg
5578;79061.jpg
5579;64136.jpg
5580;57481.jpg
5581;61002.jpg
5582;66997.jpg
5583;62609.jpg
5584;57270.jpg
5585;27705.jpg
5586;11096.jpg
5587;63184.jpg
5588;30682.jpg
5589;13847.jpg
5590;73119.jpg
5591;83136.jpg
5592;9775.jpg
5593;73750.jpg
5594;31031.jpg
5595;99350.jpg
5596;92506.jpg
5597;79817.jpg
5598;22075.jpg
5599;9923.jpg
5600;57226.jpg
5601;99941.jpg
5602;30612.jpg
5603;11224.jpg
5604;45775.jpg
5605;16573.jpg
5606;6928.jpg
5607;8740.jpg
5608;102913.jpg
5609;10756.jpg
5610;45504.jpg
5611;31070.jpg
5612;85931.jpg
5613;58679.jpg
5614;82167.jpg
5615;36840.jpg
5616;67120.jpg
5617;50253.jpg
5618;89675.jpg
5619;43507.jpg
5620;53153.jpg
5621;93683.jpg
5622;34496.jpg
5623;6837.jpg
5624;5491.jpg
5625;67697.jpg
5626;54815.jpg
5627;30089.jpg
5628;95247.jpg
5629;4313.jpg
5630;74391.jpg
5631;97547.jpg
5632;15797.jpg
5633;26661.jpg
5634;14996.jpg
5635;1177.jpg
5636;24185.jpg
5637;35928.jpg
5638;22191.jpg
5639;38308.jpg
5640;97744.jpg
5641;42089.jpg
5642;99066.jpg
5643;60919.jpg
5644;59753.jpg
5645;46444.jpg
5646;69131.jpg
5647;85008.jpg
5648;43990.jpg
5649;36189.jpg
5650;51740.jpg
5651;5532.jpg
5652;58500.jpg
5653;59750.jpg
5654;81331.jpg
5655;52119.jpg
5656;55489.jpg
5657;10175.jpg
5658;96393.jpg
5659;9910.jpg
5660;76947.jpg
5661;89316.jpg
5662;54580.jpg
5663;49641.jpg
5664;50684.jpg
5665;12928.jpg
5666;7364.jpg
5667;99662.jpg
5668;9920.jpg
5669;73922.jpg
5670;57649.jpg
5671;1526.jpg
5672;45184.jpg
5673;100677.jpg
5674;11340.jpg
5675;18476.jpg
5676;35773.jpg
5677;95013.jpg
5678;67246.jpg
5679;44598.jpg
5680;70547.jpg
5681;31886.jpg
5682;32635.jpg
5683;40581.jpg
5684;44591.jpg
5685;47764.jpg
5686;62429.jpg
5687;93887.jpg
5688;9707.jpg
5689;84445.jpg
5690;44845.jpg
5691;102351.jpg
5692;23797.jpg
5693;52381.jpg
5694;56809.jpg
5695;12208.jpg
5696;6989.jpg
5697;43080.jpg
5698;13839.jpg
5699;32078.jpg
5700;42491.jpg
5701;70732.jpg
5702;62679.jpg
5703;9117.jpg
5704;28760.jpg
5705;100185.jpg
5706;45708.jpg
5707;40401.jpg
5708;70626.jpg
5709;64454.jpg
5710;4668.jpg
5711;14679.jpg
5712;22423.jpg
5713;68922.jpg
5714;95965.jpg
5715;44868.jpg
5716;96280.jpg
5717;28672.jpg
5718;3660.jpg
5719;16017.jpg
5720;101925.jpg
5721;1452.jpg
5722;23635.jpg
5723;14898.jpg
5724;63487.jpg
5725;37753.jpg
5726;22639.jpg
5727;98607.jpg
5728;88206.jpg
5729;97254.jpg
5730;87563.jpg
5731;31124.jpg
5732;62686.jpg
5733;88956.jpg
5734;48049.jpg
5735;88770.jpg
5736;13965.jpg
5737;17247.jpg
5738;66443.jpg
5739;38414.jpg
5740;83887.jpg
5741;32931.jpg
5742;376.jpg
5743;37054.jpg
5744;89879.jpg
5745;16402.jpg
5746;13127.jpg
5747;13366.jpg
5748;38500.jpg
5749;13308.jpg
5750;101496.jpg
5751;40068.jpg
5752;9318.jpg
5753;92362.jpg
5754;97573.jpg
5755;40458.jpg
5756;79139.jpg
5757;7319.jpg
5758;42146.jpg
5759;12117.jpg
5760;28939.jpg
5761;74756.jpg
5762;62800.jpg
5763;29145.jpg
5764;90548.jpg
5765;70173.jpg
5766;88235.jpg
5767;68933.jpg
5768;42418.jpg
5769;49552.jpg
5770;29867.jpg
5771;50169.jpg
5772;64086.jpg
5773;14448.jpg
5774;44040.jpg
5775;10510.jpg
5776;53342.jpg
5777;70004.jpg
5778;53329.jpg
5779;18085.jpg
5780;54720.jpg
5781;47986.jpg
5782;26672.jpg
5783;61294.jpg
5784;20619.jpg
5785;86891.jpg
5786;59003.jpg
5787;41828.jpg
5788;65303.jpg
5789;5859.jpg
5790;11492.jpg
5791;70389.jpg
5792;17962.jpg
5793;88564.jpg
5794;58832.jpg
5795;76706.jpg
5796;20974.jpg
5797;52640.jpg
5798;19125.jpg
5799;13488.jpg
5800;32035.jpg
5801;52294.jpg
5802;61390.jpg
5803;14803.jpg
5804;32553.jpg
5805;69330.jpg
5806;8011.jpg
5807;68973.jpg
5808;1658.jpg
5809;12654.jpg
5810;49336.jpg
5811;60776.jpg
5812;16832.jpg
5813;57715.jpg
5814;69626.jpg
5815;45282.jpg
5816;40560.jpg
5817;79731.jpg
5818;102250.jpg
5819;22314.jpg
5820;14950.jpg
5821;74576.jpg
5822;20784.jpg
5823;53436.jpg
5824;91126.jpg
5825;50005.jpg
5826;60491.jpg
5827;4289.jpg
5828;25002.jpg
5829;1055.jpg
5830;93314.jpg
5831;34306.jpg
5832;35037.jpg
5833;9347.jpg
5834;76677.jpg
5835;70265.jpg
5836;14494.jpg
5837;96817.jpg
5838;73822.jpg
5839;100088.jpg
5840;57234.jpg
5841;18244.jpg
5842;51368.jpg
5843;24117.jpg
5844;83940.jpg
5845;11689.jpg
5846;28774.jpg
5847;79418.jpg
5848;94751.jpg
5849;13066.jpg
5850;23289.jpg
5851;44561.jpg
5852;97769.jpg
5853;70234.jpg
5854;62538.jpg
5855;99130.jpg
5856;60531.jpg
5857;30352.jpg
5858;7013.jpg
5859;76214.jpg
5860;85041.jpg
5861;26651.jpg
5862;51331.jpg
5863;90778.jpg
5864;42361.jpg
5865;42110.jpg
5866;18000.jpg
5867;51089.jpg
5868;6274.jpg
5869;55061.jpg
5870;3073.jpg
5871;49322.jpg
5872;28047.jpg
5873;58741.jpg
5874;17965.jpg
5875;51885.jpg
5876;48741.jpg
5877;8485.jpg
5878;97554.jpg
5879;30775.jpg
5880;86466.jpg
5881;71133.jpg
5882;2978.jpg
5883;35301.jpg
5884;15440.jpg
5885;22965.jpg
5886;73281.jpg
5887;2590.jpg
5888;87515.jpg
5889;82843.jpg
5890;61838.jpg
5891;57473.jpg
5892;90963.jpg
5893;91978.jpg
5894;54629.jpg
5895;79920.jpg
5896;86192.jpg
5897;19370.jpg
5898;29766.jpg
5899;7866.jpg
5900;5868.jpg
5901;22447.jpg
5902;48770.jpg
5903;82145.jpg
5904;34206.jpg
5905;37766.jpg
5906;33125.jpg
5907;23820.jpg
5908;16926.jpg
5909;77654.jpg
5910;75836.jpg
5911;21480.jpg
5912;11061.jpg
5913;5461.jpg
5914;49377.jpg
5915;44196.jpg
5916;51152.jpg
5917;3281.jpg
5918;45358.jpg
5919;95989.jpg
5920;85712.jpg
5921;38819.jpg
5922;80541.jpg
5923;37842.jpg
5924;81276.jpg
5925;64858.jpg
5926;823.jpg
5927;53797.jpg
5928;56961.jpg
5929;4448.jpg
5930;9488.jpg
5931;44240.jpg
5932;83112.jpg
5933;87725.jpg
5934;42490.jpg
5935;12070.jpg
5936;86965.jpg
5937;16273.jpg
5938;80841.jpg
5939;313.jpg
5940;26277.jpg
5941;48606.jpg
5942;86656.jpg
5943;41792.jpg
5944;41323.jpg
5945;45124.jpg
5946;78296.jpg
5947;78285.jpg
5948;99314.jpg
5949;89613.jpg
5950;94780.jpg
5951;38767.jpg
5952;55851.jpg
5953;30113.jpg
5954;44823.jpg
5955;77282.jpg
5956;96177.jpg
5957;8467.jpg
5958;55537.jpg
5959;51151.jpg
5960;51435.jpg
5961;101306.jpg
5962;32927.jpg
5963;43137.jpg
5964;30109.jpg
5965;51462.jpg
5966;87300.jpg
5967;1355.jpg
5968;35842.jpg
5969;98035.jpg
5970;54860.jpg
5971;41630.jpg
5972;99900.jpg
5973;20516.jpg
5974;52941.jpg
5975;71221.jpg
5976;26072.jpg
5977;13471.jpg
5978;33835.jpg
5979;69515.jpg
5980;17060.jpg
5981;12211.jpg
5982;39363.jpg
5983;13914.jpg
5984;60892.jpg
5985;858.jpg
5986;97082.jpg
5987;85198.jpg
5988;36405.jpg
5989;90863.jpg
5990;15887.jpg
5991;46978.jpg
5992;22084.jpg
5993;82451.jpg
5994;15767.jpg
5995;71989.jpg
5996;37529.jpg
5997;85530.jpg
5998;2751.jpg
5999;95343.jpg